SectionID,CourseCode,CourseTitle,TermCode,TermID,StartDate,EndDate,Days,SectionStatus,RoomName,PrimaryInstructor,PrimaryPayment,SecondaryInstructor,SecondaryPayment
10517,LAT-501,$25 Processing fee for change of registration,FA16,294,,,,AC,,,,,
10590,LAT-104,Beginner I Morning,FA15,290,9/28/2015,12/14/2015,Mon,AC,Rome,P. OCTAVIUS,1485,,
10591,LAT-316,Conversation I Morning,FA15,290,9/28/2015,12/14/2015,Mon,AC,,P. OCTAVIUS,1485,,
10592,LAT-101,Beginner I,FA15,290,9/28/2015,12/14/2015,Mon,AC,Rome,P. OCTAVIUS,1485,,
10593,LAT-305,Conversation Club I,FA15,290,9/28/2015,12/14/2015,Mon,AC,Carthage,G. LUCIANUS,1485,,
10594,LAT-202,Intermediate Latin II,FA15,290,9/28/2015,12/14/2015,Mon,AC,Cannae,P. AURELIUS,1485,,
10595,LAT-301,Advanced Latin I,FA15,290,9/28/2015,12/14/2015,Mon,AC,Alexandria,M. VALENTINIANUS,1485,,
10596,LAT-302,Advanced Latin II,FA15,290,9/28/2015,12/14/2015,Mon,AC,Alexandria,M. VALENTINIANUS,1485,,
10597,LAT-306,Conversation Club II,FA15,290,9/28/2015,12/14/2015,Mon,AC,Cannae,P. AURELIUS,1485,,
10598,LAT-102,Beginner II,FA15,290,9/28/2015,12/14/2015,Mon,CN,Carthage,P. OCTAVIUS,1485,,
10599,LAT-201,Intermediate Latin I,FA15,290,9/28/2015,12/14/2015,Mon,AC,Rome,G. LUCIANUS,1485,,
10600,LAT-301,Advanced Latin I,FA15,290,10/6/2015,12/15/2015,Tue,AC,Rome,M. VALENTINIANUS,1485,,
10601,LAT-310,Advanced I Morning,FA15,290,10/6/2015,12/15/2015,Tue,AC,Rome,M. VALENTINIANUS,1485,,
10602,LAT-318,Conversation III Morning,FA15,290,10/6/2015,12/15/2015,Tue,AC,Rome,M. VALENTINIANUS,1485,,
10603,LAT-102,Beginner II,FA15,290,10/6/2015,12/15/2015,Tue,AC,Alexandria,P. OCTAVIUS,1485,,
10604,LAT-405,Roman Theater,FA15,290,10/6/2015,12/15/2015,Tue,AC,Rome,M. VALENTINIANUS,1350,,
10605,LAT-452,Latino che Passione I,FA15,290,10/6/2015,12/15/2015,Tue,CN,,G. LUCIANUS,1485,,
10606,LAT-101,Beginner I,FA15,290,10/6/2015,12/15/2015,Tue,AC,Cannae,O. LIVIUS,1485,,
10607,LAT-201,Intermediate Latin I,FA15,290,10/6/2015,12/15/2015,Tue,AC,Alexandria,O. LIVIUS,1485,,
10608,LAT-307,Conversation III,FA15,290,10/6/2015,12/15/2015,Tue,AC,Cannae,M. VALENTINIANUS,1485,,
10609,LAT-433,Roman History IV,FA15,290,10/6/2015,12/15/2015,Tue,AC,Rome,G. LUCIANUS,1485,,
10610,LAT-202,Intermediate Latin II,FA15,290,10/6/2015,12/15/2015,Tue,AC,Carthage,P. OCTAVIUS,1485,,
10611,LAT-205,Intermediate Latin I - Morning,FA15,290,9/30/2015,12/16/2015,Wed,AC,Rome,C. CORNELIUS,1485,,
10612,LAT-105,Beginner II Morning,FA15,290,9/30/2015,12/16/2015,Wed,AC,Rome,C. CORNELIUS,1485,,
10613,LAT-202,Intermediate Latin II,FA15,290,9/30/2015,12/16/2015,Wed,AC,Cannae,S. TATIUS,1485,,
10614,LAT-307,Conversation III,FA15,290,9/30/2015,12/16/2015,Wed,CN,,G. LUCIANUS,1485,,
10615,LAT-101,Beginner I,FA15,290,9/30/2015,12/16/2015,Wed,AC,Rome,O. LIVIUS,1485,,
10616,LAT-302,Advanced Latin II,FA15,290,9/30/2015,12/16/2015,Wed,AC,Alexandria,L. SALVIUS,1485,,
10617,LAT-102,Beginner II,FA15,290,9/30/2015,12/16/2015,Wed,AC,Carthage,O. LIVIUS,1485,,
10618,LAT-101,Beginner I,FA15,290,9/30/2015,12/16/2015,Wed,AC,Rome,G. LUCIANUS,1485,,
10619,LAT-303,Advanced Latin III,FA15,290,9/30/2015,12/16/2015,Wed,AC,Cannae,S. TATIUS,1485,,
10620,LAT-306,Conversation Club II,FA15,290,9/30/2015,12/16/2015,Wed,AC,Alexandria,L. SALVIUS,1485,,
10621,LAT-205,Intermediate Latin I - Morning,FA15,290,10/1/2015,12/17/2015,Thu,AC,Rome,P. AURELIUS,1485,,
10622,LAT-105,Beginner II Morning,FA15,290,10/1/2015,12/17/2015,Thu,AC,Rome,P. AURELIUS,1485,,
10623,LAT-467,Roman Regional Wines,FA15,290,10/1/2015,10/15/2015,Thu,AC,Rome,P. OCTAVIUS,540,,
10624,LAT-468,Paring Roman Wine with Roman Dishes,FA15,290,10/29/2015,11/12/2015,Thu,CN,Rome,P. OCTAVIUS,540,,
10625,LAT-466,Latin and Hollywood,FA15,290,10/24/2015,11/14/2015,Sat,CN,,F. QUINTIUS,540,,
10626,LAT-305,Conversation Club I,FA15,290,10/3/2015,12/19/2015,Sat,AC,Alexandria,P. AURELIUS,1485,,
10627,LAT-118,Popular Latin Phrases,FA15,290,10/3/2015,12/19/2015,Sat,AC,Rome,S. TATIUS,1080,,
10628,LAT-101,Beginner I,FA15,290,10/3/2015,12/19/2015,Sat,AC,Cannae,O. LIVIUS,1485,,
10629,LAT-301,Advanced Latin I,FA15,290,10/3/2015,12/19/2015,Sat,CN,,S. TATIUS,1485,,
10630,LAT-447,A Day in Ancient Rome,FA15,290,11/21/2015,12/12/2015,Sat,AC,Carthage,I. SENECA,405,,
10631,LAT-202,Intermediate Latin II,FA15,290,10/3/2015,12/19/2015,Sat,AC,Cannae,P. AURELIUS,1485,,
10632,LAT-403,The Beauty of Latin,FA15,290,10/24/2015,11/14/2015,Sat,AC,Alexandria,F. QUINTIUS,540,,
10633,LAT-406,Table Topics,FA15,290,10/3/2015,12/12/2015,Sat,AC,Rome,D. ROMILIUS,,,
10634,LAT-104,Beginner I Morning,WI16,291,1/4/2016,3/28/2016,Mon,AC,Rome,P. AURELIUS,1485,,
10635,LAT-316,Conversation I Morning,WI16,291,1/4/2016,3/28/2016,Mon,AC,Rome,P. AURELIUS,1485,,
10636,LAT-471,Roman Cuisine,WI16,291,1/4/2016,3/28/2016,Mon,AC,Alexandria,G. LUCIANUS,1485,,
10637,LAT-232,Writing in Latin,WI16,291,1/4/2016,3/28/2016,Mon,AC,Carthage,S. TATIUS,1485,,
10638,LAT-214,Latin Grammar,WI16,291,1/4/2016,2/8/2016,Mon,AC,Rome,M. VALENTINIANUS,360,,
10639,LAT-215,Latin Grammar II,WI16,291,2/22/2016,3/21/2016,Mon,AC,Rome,M. VALENTINIANUS,675,,
10640,LAT-201,Intermediate Latin I,WI16,291,1/4/2016,3/28/2016,Mon,AC,Cannae,P. AURELIUS,1485,,
10641,LAT-202,Intermediate Latin II,WI16,291,1/4/2016,3/28/2016,Mon,AC,Carthage,P. AURELIUS,1485,,
10642,LAT-102,Beginner II,WI16,291,1/4/2016,3/28/2016,Mon,AC,Cannae,G. LUCIANUS,1485,,
10643,LAT-301,Advanced Latin I,WI16,291,1/4/2016,3/28/2016,Mon,CN,Alexandria,S. TATIUS,,,
10644,LAT-101,Beginner I,WI16,291,1/4/2016,3/28/2016,Mon,AC,Rome,M. VALENTINIANUS,1485,,
10645,LAT-105,Beginner II Morning,WI16,291,1/12/2016,3/22/2016,Tue,AC,Rome,G. LUCIANUS,1485,,
10646,LAT-205,Intermediate Latin I - Morning,WI16,291,1/12/2016,3/22/2016,Tue,AC,Cannae,P. AURELIUS,1485,,
10647,LAT-206,Intermediate II - Morning,WI16,291,1/12/2016,3/22/2016,Tue,AC,Rome,P. AURELIUS,1485,,
10648,LAT-319,Conversation Club II - Morning,WI16,291,1/12/2016,3/22/2016,Tue,AC,Alexandria,G. LUCIANUS,1485,,
10649,LAT-201,Intermediate Latin I,WI16,291,1/12/2016,3/22/2016,Tue,AC,Alexandria,G. LUCIANUS,1485,,
10650,LAT-101,Beginner I,WI16,291,1/12/2016,3/22/2016,Tue,AC,Cannae,O. LIVIUS,1485,,
10651,LAT-405,Roman Theater,WI16,291,1/12/2016,3/22/2016,Tue,AC,Rome,M. VALENTINIANUS,1350,,
10652,LAT-301,Advanced Latin I,WI16,291,1/12/2016,3/22/2016,Tue,AC,Carthage,L. SALVIUS,1485,,
10653,LAT-302,Advanced Latin II,WI16,291,1/12/2016,3/22/2016,Tue,CN,Cannae,G. LUCIANUS,,,
10654,LAT-102,Beginner II,WI16,291,1/12/2016,3/22/2016,Tue,AC,Rome,O. LIVIUS,1485,,
10655,LAT-307,Conversation III,WI16,291,1/12/2016,3/22/2016,Tue,AC,Alexandria,M. VALENTINIANUS,1485,,
10656,LAT-306,Conversation Club II,WI16,291,1/12/2016,3/22/2016,Tue,CN,Carthage,L. SALVIUS,,,
10657,LAT-310,Advanced I Morning,WI16,291,1/6/2016,3/16/2016,Wed,AC,Rome,P. OCTAVIUS,1485,,
10658,LAT-316,Conversation I Morning,WI16,291,1/6/2016,3/16/2016,Wed,AC,Rome,P. OCTAVIUS,1485,,
10659,LAT-303,Advanced Latin III,WI16,291,1/6/2016,3/16/2016,Wed,AC,Cannae,M. MERIDIUS,1485,,
10660,LAT-228,Grammar For You  For Int. I,WI16,291,2/3/2016,3/2/2016,Wed,CN,Carthage,C. CORNELIUS,,,
10661,LAT-305,Conversation Club I,WI16,291,1/6/2016,3/16/2016,Wed,AC,Alexandria,,,,
10662,LAT-101,Beginner I,WI16,291,1/6/2016,3/16/2016,Wed,AC,Rome,P. OCTAVIUS,1485,,
10663,LAT-201,Intermediate Latin I,WI16,291,1/6/2016,3/16/2016,Wed,CN,Antioch,S. TATIUS,,,
10664,LAT-465,Latin Today,WI16,291,1/6/2016,3/16/2016,Wed,AC,Cannae,M. MERIDIUS,675,,
10665,LAT-202,Intermediate Latin II,WI16,291,1/6/2016,3/16/2016,Wed,AC,Carthage,M. VALENTINIANUS,1485,,
10666,LAT-102,Beginner II,WI16,291,1/6/2016,3/16/2016,Wed,AC,Rome,P. OCTAVIUS,1485,,
10667,LAT-101,Beginner I,WI16,291,1/6/2016,3/16/2016,Wed,AC,Alexandria,S. TATIUS,1485,,
10668,LAT-305,Conversation Club I,WI16,291,1/6/2016,3/16/2016,Wed,AC,Alexandria,M. VALENTINIANUS,1485,,
10669,LAT-311,Advanced II Morning,WI16,291,1/7/2016,3/17/2016,Thu,AC,Rome,M. VALENTINIANUS,1485,,
10670,LAT-104,Beginner I Morning,WI16,291,1/7/2016,3/17/2016,Thu,AC,Rome,M. VALENTINIANUS,1485,,
10671,LAT-318,Conversation III Morning,WI16,291,1/7/2016,3/17/2016,Thu,AC,Alexandria,G. LUCIANUS,1485,,
10672,LAT-105,Beginner II Morning,WI16,291,1/7/2016,3/17/2016,Thu,CN,Alexandria,G. LUCIANUS,,,
10673,LAT-466,Latin and Hollywood,WI16,291,2/6/2016,3/5/2016,Sat,CN,Alexandria,F. QUINTIUS,,,
10674,LAT-201,Intermediate Latin I,WI16,291,1/9/2016,3/19/2016,Sat,CN,Cannae,P. AURELIUS,1485,,
10675,LAT-101,Beginner I,WI16,291,1/9/2016,3/19/2016,Sat,AC,Rome,P. MAXIMINUS,1485,,
10676,LAT-202,Intermediate Latin II,WI16,291,1/9/2016,3/19/2016,Sat,AC,Carthage,N. AFRICANUS,1485,,
10677,LAT-306,Conversation Club II,WI16,291,1/9/2016,3/19/2016,Sat,AC,Carthage,P. AURELIUS,1485,,
10678,LAT-102,Beginner II,WI16,291,1/9/2016,3/19/2016,Sat,AC,Cannae,P. MAXIMINUS,1485,,
10679,LAT-302,Advanced Latin II,WI16,291,1/9/2016,3/19/2016,Sat,AC,Antioch,N. AFRICANUS,1485,,
10680,LAT-403,The Beauty of Latin,WI16,291,2/6/2016,3/5/2016,Sat,AC,Alexandria,F. QUINTIUS,540,,
10681,LAT-315,Conversing wih Fables & Fairy Tales,WI16,291,2/6/2016,3/26/2016,Sat,AC,Rome,D. ROMILIUS,810,,
10682,LAT-232,Writing in Latin,WI16,291,1/9/2016,3/19/2016,Sat,AC,Antioch,S. TATIUS,1485,,
10683,LAT-104,Beginner I Morning,SP16,292,4/4/2016,6/20/2016,Mon,AC,Alexandria,P. AURELIUS,1485,,
10684,LAT-105,Beginner II Morning,SP16,292,4/4/2016,6/20/2016,Mon,AC,Rome,G. LUCIANUS,1485,,
10685,LAT-316,Conversation I Morning,SP16,292,4/4/2016,6/20/2016,Mon,AC,Rome,P. AURELIUS,1485,,
10686,LAT-319,Conversation Club II - Morning,SP16,292,4/4/2016,6/20/2016,Mon,CN,Cannae,G. LUCIANUS,1485,,
10687,LAT-228,Grammar For You  For Int. I,SP16,292,4/4/2016,5/23/2016,Mon,AC,Rome,C. CORNELIUS,945,,
10688,LAT-201,Intermediate Latin I,SP16,292,4/4/2016,6/20/2016,Mon,AC,Carthage,S. MARIUS,1485,,
10689,LAT-202,Intermediate Latin II,SP16,292,4/4/2016,6/20/2016,Mon,CN,Alexandria,S. TATIUS,1485,,
10690,LAT-405,Roman Theater,SP16,292,4/4/2016,6/20/2016,Mon,AC,Rome,M. VALENTINIANUS,1350,,
10691,LAT-102,Beginner II,SP16,292,4/4/2016,6/20/2016,Mon,AC,Cannae,G. LUCIANUS,1485,,
10692,LAT-101,Beginner I,SP16,292,4/4/2016,6/20/2016,Mon,AC,Rome,S. MARIUS,1485,,
10693,LAT-305,Conversation Club I,SP16,292,4/4/2016,6/20/2016,Mon,CN,Alexandria,S. TATIUS,1485,,
10694,LAT-301,Advanced Latin I,SP16,292,4/4/2016,6/20/2016,Mon,AC,Cannae,M. VALENTINIANUS,1485,,
10695,LAT-306,Conversation Club II,SP16,292,4/4/2016,6/20/2016,Mon,CN,Carthage,G. LUCIANUS,1485,,
10696,LAT-206,Intermediate II - Morning,SP16,292,4/12/2016,6/21/2016,Tue,AC,Rome,P. AURELIUS,1485,,
10697,LAT-205,Intermediate Latin I - Morning,SP16,292,4/12/2016,6/21/2016,Tue,AC,Alexandria,G. LUCIANUS,1485,,
10698,LAT-104,Beginner I Morning,SP16,292,4/12/2016,6/21/2016,Tue,AC,Rome,P. AURELIUS,1485,,
10699,LAT-105,Beginner II Morning,SP16,292,4/12/2016,6/21/2016,Tue,AC,Alexandria,G. LUCIANUS,1485,,
10700,LAT-101,Beginner I,SP16,292,4/12/2016,6/21/2016,Tue,AC,Alexandria,S. LONGINUS,1485,,
10701,LAT-214,Latin Grammar,SP16,292,4/12/2016,5/10/2016,Tue,AC,Carthage,M. VALENTINIANUS,360,,
10702,LAT-215,Latin Grammar II,SP16,292,5/24/2016,6/21/2016,Tue,AC,Carthage,M. VALENTINIANUS,675,,
10703,LAT-305,Conversation Club I,SP16,292,4/12/2016,6/21/2016,Tue,CN,Antioch,G. LUCIANUS,1485,,
10704,LAT-201,Intermediate Latin I,SP16,292,4/12/2016,6/21/2016,Tue,AC,Cannae,O. LIVIUS,1485,,
10705,LAT-465,Latin Today,SP16,292,4/12/2016,6/21/2016,Tue,AC,Rome,M. MERIDIUS,675,,
10706,LAT-303,Advanced Latin III,SP16,292,4/12/2016,6/21/2016,Tue,CN,Antioch,M. MERIDIUS,1485,,
10707,LAT-102,Beginner II,SP16,292,4/12/2016,6/21/2016,Tue,AC,Cannae,O. LIVIUS,1485,,
10708,LAT-433,Roman History IV,SP16,292,4/12/2016,6/21/2016,Tue,AC,Rome,G. LUCIANUS,1485,,
10709,LAT-302,Advanced Latin II,SP16,292,4/12/2016,6/21/2016,Tue,AC,Antioch,M. VALENTINIANUS,1485,,
10710,LAT-202,Intermediate Latin II,SP16,292,4/12/2016,6/21/2016,Tue,CN,Alexandria,S. LONGINUS,1485,,
10711,LAT-310,Advanced I Morning,SP16,292,4/6/2016,6/15/2016,Wed,CN,Cannae,P. OCTAVIUS,1485,,
10712,LAT-319,Conversation Club II - Morning,SP16,292,4/6/2016,6/15/2016,Wed,CN,Rome,G. LUCIANUS,1485,,
10713,LAT-205,Intermediate Latin I - Morning,SP16,292,4/6/2016,6/15/2016,Wed,CN,Cannae,P. OCTAVIUS,1485,,
10714,LAT-206,Intermediate II - Morning,SP16,292,4/6/2016,6/15/2016,Wed,CN,Rome,G. LUCIANUS,1485,,
10715,LAT-306,Conversation Club II,SP16,292,4/6/2016,6/15/2016,Wed,CN,Alexandria,G. LUCIANUS,1485,,
10716,LAT-201,Intermediate Latin I,SP16,292,4/6/2016,6/15/2016,Wed,CN,Cannae,S. TATIUS,1485,,
10717,LAT-101,Beginner I,SP16,292,4/6/2016,6/15/2016,Wed,AC,Rome,S. MARIUS,1485,,
10718,LAT-301,Advanced Latin I,SP16,292,4/6/2016,6/15/2016,Wed,CN,Cannae,S. TATIUS,1485,,
10719,LAT-102,Beginner II,SP16,292,4/6/2016,6/15/2016,Wed,AC,Rome,S. MARIUS,1485,,
10720,LAT-305,Conversation Club I,SP16,292,4/6/2016,6/15/2016,Wed,AC,Alexandria,G. LUCIANUS,1485,,
10721,LAT-312,Advanced III Morning,SP16,292,4/7/2016,6/16/2016,Thu,AC,Rome,M. VALENTINIANUS,1485,,
10722,LAT-104,Beginner I Morning,SP16,292,4/7/2016,6/16/2016,Thu,AC,Alexandria,P. AURELIUS,1485,,
10723,LAT-205,Intermediate Latin I - Morning,SP16,292,4/7/2016,6/16/2016,Thu,CN,Cannae,G. LUCIANUS,1485,,
10724,LAT-310,Advanced I Morning,SP16,292,4/7/2016,6/16/2016,Thu,AC,Rome,M. VALENTINIANUS,1485,,
10725,LAT-206,Intermediate II - Morning,SP16,292,4/7/2016,6/16/2016,Thu,CN,Rome,P. AURELIUS,1485,,
10726,LAT-105,Beginner II Morning,SP16,292,4/7/2016,6/16/2016,Thu,CN,Cannae,G. LUCIANUS,1485,,
10727,LAT-101,Beginner I,SP16,292,4/9/2016,6/18/2016,Sat,AC,Rome,S. MARIUS,1485,,
10728,LAT-201,Intermediate Latin I,SP16,292,4/9/2016,6/18/2016,Sat,AC,Cannae,P. MAXIMINUS,1485,,
10729,LAT-302,Advanced Latin II,SP16,292,4/9/2016,6/18/2016,Sat,CN,Carthage,S. TATIUS,1485,,
10730,LAT-403,The Beauty of Latin,SP16,292,6/4/2016,6/25/2016,Sat,AC,Alexandria,F. QUINTIUS,540,,
10731,LAT-202,Intermediate Latin II,SP16,292,4/9/2016,6/18/2016,Sat,CN,Antioch,P. AURELIUS,1485,,
10732,LAT-301,Advanced Latin I,SP16,292,4/9/2016,6/18/2016,Sat,CN,Carthage,S. MARIUS,1485,,
10733,LAT-102,Beginner II,SP16,292,4/9/2016,6/18/2016,Sat,AC,Carthage,P. MAXIMINUS,1485,,
10734,LAT-306,Conversation Club II,SP16,292,4/9/2016,6/18/2016,Sat,AC,Cannae,P. AURELIUS,1485,,
10735,LAT-423,Fireside Chat,SP16,292,4/9/2016,5/21/2016,Sat,AC,Alexandria,D. ROMILIUS,1215,,
10736,LAT-481,Roman Emperors Top 10,SP16,292,4/9/2016,5/7/2016,Sat,AC,Rome,S. TATIUS,675,,
10737,LAT-479,Roman Art,SP16,292,5/14/2016,6/11/2016,Sat,AC,Rome,S. TATIUS,1485,,
10738,LAT-318,Conversation III Morning,SP16,292,4/6/2016,6/15/2016,Wed,AC,Rome,G. LUCIANUS,1485,,
10739,LAT-301,Advanced Latin I,SU16,293,7/11/2016,9/26/2016,Mon,AC,Cannae,G. LUCIANUS,1485,,
10740,LAT-202,Intermediate Latin II,SU16,293,7/11/2016,9/26/2016,Mon,CN,Alexandria,S. MARIUS,1485,,
10741,LAT-101,Beginner I,SU16,293,7/11/2016,9/26/2016,Mon,AC,Rome,O. LIVIUS,1485,,
10742,LAT-302,Advanced Latin II,SU16,293,7/11/2016,9/26/2016,Mon,CN,Carthage,S. TATIUS,1485,,
10743,LAT-306,Conversation Club II,SU16,293,7/11/2016,9/26/2016,Mon,CN,Alexandria,G. LUCIANUS,1485,,
10744,LAT-201,Intermediate Latin I,SU16,293,7/11/2016,9/26/2016,Mon,AC,Rome,O. LIVIUS,1485,,
10745,LAT-102,Beginner II,SU16,293,7/11/2016,9/26/2016,Mon,AC,Cannae,S. MARIUS,1485,,
10746,LAT-307,Conversation III,SU16,293,7/11/2016,9/26/2016,Mon,AC,Carthage,S. TATIUS,1485,,
10747,LAT-102,Beginner II,SU16,293,7/5/2016,9/13/2016,Tue,CN,Alexandria,G. LUCIANUS,1485,,
10748,LAT-101,Beginner I,SU16,293,7/5/2016,9/13/2016,Tue,AC,Rome,O. LIVIUS,1485,,
10749,LAT-305,Conversation Club I,SU16,293,7/5/2016,9/13/2016,Tue,AC,Cannae,S. MARIUS,1485,,
10750,LAT-201,Intermediate Latin I,SU16,293,7/5/2016,9/13/2016,Tue,AC,Cannae,G. LUCIANUS,1485,,
10751,LAT-202,Intermediate Latin II,SU16,293,7/5/2016,9/13/2016,Tue,AC,Rome,O. LIVIUS,1485,,
10752,LAT-303,Advanced Latin III,SU16,293,7/5/2016,9/13/2016,Tue,AC,Alexandria,S. MARIUS,1485,,
10753,LAT-306,Conversation Club II,SU16,293,7/6/2016,9/14/2016,Wed,AC,Rome,G. LUCIANUS,1485,,
10754,LAT-302,Advanced Latin II,SU16,293,7/6/2016,9/14/2016,Wed,AC,Carthage,S. TATIUS,1485,,
10755,LAT-301,Advanced Latin I,SU16,293,7/6/2016,9/14/2016,Wed,CN,Cannae,S. MARIUS,1485,,
10756,LAT-102,Beginner II,SU16,293,7/6/2016,9/14/2016,Wed,AC,Alexandria,S. LONGINUS,1485,,
10757,LAT-201,Intermediate Latin I,SU16,293,7/6/2016,9/14/2016,Wed,CN,Cannae,G. LUCIANUS,1485,,
10758,LAT-305,Conversation Club I,SU16,293,7/6/2016,9/14/2016,Wed,CN,Carthage,S. TATIUS,1485,,
10759,LAT-307,Conversation III,SU16,293,7/6/2016,9/14/2016,Wed,AC,Alexandria,S. MARIUS,1485,,
10760,LAT-101,Beginner I,SU16,293,7/6/2016,9/14/2016,Wed,AC,Rome,S. LONGINUS,1485,,
10761,LAT-440,Book Club,SU16,293,7/15/2016,7/22/2016,Fri,AC,Rome,G. LUCIANUS,405,,
10762,LAT-439,Book Club,SU16,293,8/12/2016,8/19/2016,Fri,AC,Rome,G. LUCIANUS,405,,
10763,LAT-441,Book Club,SU16,293,9/9/2016,9/16/2016,Fri,AC,Rome,G. LUCIANUS,405,,
10764,LAT-433,Roman History IV,SU16,293,7/8/2016,9/16/2016,Thu,AC,Rome,G. LUCIANUS,1485,,
10765,LAT-403,The Beauty of Latin,SU16,293,7/16/2016,8/6/2016,Sat,AC,Rome,F. QUINTIUS,540,,
10766,LAT-202,Intermediate Latin II,SU16,293,7/9/2016,9/17/2016,Sat,AC,Carthage,S. TATIUS,1485,,
10767,LAT-301,Advanced Latin I,SU16,293,7/9/2016,9/17/2016,Sat,AC,Cannae,G. LUCIANUS,1485,,
10768,LAT-101,Beginner I,SU16,293,7/9/2016,9/17/2016,Sat,AC,Alexandria,P. MAXIMINUS,1485,,
10769,LAT-201,Intermediate Latin I,SU16,293,7/9/2016,9/17/2016,Sat,AC,Carthage,S. TATIUS,1350,S. MARIUS,135
10770,LAT-305,Conversation Club I,SU16,293,7/9/2016,9/17/2016,Sat,AC,Alexandria,G. LUCIANUS,1485,,
10771,LAT-102,Beginner II,SU16,293,7/9/2016,9/17/2016,Sat,AC,Cannae,P. MAXIMINUS,1485,,
10772,LAT-210,Intensive Grammar,SU16,293,8/27/2016,9/17/2016,Sat,AC,Rome,D. ROMILIUS,540,,
10773,LAT-120,Latin Pronunciation,SU16,293,8/27/2016,9/10/2016,Sat,AC,Rome,N. AFRICANUS,405,,
10774,LAT-205,Intermediate Latin I - Morning,SU16,293,7/11/2016,9/26/2016,Mon,AC,Rome,G. LUCIANUS,1485,,
10775,LAT-104,Beginner I Morning,FA16,294,10/3/2016,12/19/2016,Mon,AC,Rome,G. LUCIANUS,,,
10776,LAT-205,Intermediate Latin I - Morning,FA16,294,10/3/2016,12/19/2016,Mon,AC,Alexandria,S. TATIUS,1485,,
10777,LAT-105,Beginner II Morning,FA16,294,10/3/2016,12/19/2016,Mon,AC,Rome,G. LUCIANUS,,,
10778,LAT-206,Intermediate II - Morning,FA16,294,10/3/2016,12/19/2016,Mon,CN,Alexandria,S. TATIUS,1485,,
10779,LAT-101,Beginner I,FA16,294,10/3/2016,12/19/2016,Mon,AC,Alexandria,G. LUCIANUS,,,
10780,LAT-201,Intermediate Latin I,FA16,294,10/3/2016,12/19/2016,Mon,AC,Cannae,S. MARIUS,1485,,
10781,LAT-102,Beginner II,FA16,294,10/3/2016,12/19/2016,Mon,AC,Rome,S. TATIUS,1485,,
10782,LAT-202,Intermediate Latin II,FA16,294,10/3/2016,12/19/2016,Mon,AC,Carthage,L. SALVIUS,,,
10783,LAT-301,Advanced Latin I,FA16,294,10/3/2016,12/19/2016,Mon,CN,Carthage,L. SALVIUS,,,
10784,LAT-302,Advanced Latin II,FA16,294,10/3/2016,12/19/2016,Mon,CN,Rome,S. TATIUS,1485,,
10785,LAT-305,Conversation Club I,FA16,294,10/3/2016,12/19/2016,Mon,CN,Cannae,S. MARIUS,1485,,
10786,LAT-306,Conversation Club II,FA16,294,10/3/2016,12/19/2016,Mon,AC,Alexandria,G. LUCIANUS,,,
10787,LAT-316,Conversation I Morning,FA16,294,10/4/2016,12/13/2016,Tue,CN,Alexandria,G. LUCIANUS,,,
10788,LAT-104,Beginner I Morning,FA16,294,10/4/2016,12/13/2016,Tues,AC,Rome,P. AURELIUS,1485,,
10789,LAT-205,Intermediate Latin I - Morning,FA16,294,10/4/2016,12/13/2016,Tue,CN,Alexandria,G. LUCIANUS,,,
10790,LAT-319,Conversation Club II - Morning,FA16,294,10/4/2016,12/13/2016,Tue,AC,Rome,P. AURELIUS,1485,,
10792,LAT-436,Book Club,FA16,294,10/4/2016,12/13/2016,Tue,AC,Cannae,G. LUCIANUS,,,
10793,LAT-101,Beginner I,FA16,294,10/4/2016,12/13/2016,Tue,AC,Alexandria,S. MARIUS,1485,,
10794,LAT-202,Intermediate Latin II,FA16,294,10/4/2016,12/13/2016,Tue,AC,Carthage,O. LIVIUS,1485,,
10795,LAT-465,Latin Today,FA16,294,10/4/2016,12/13/2016,Tue,,,,,,
10796,LAT-448,Latin Today 1,FA16,294,10/4/2016,12/13/2016,Tue,AC,Rome,M. MERIDIUS,,,
10797,LAT-449,Latin Today 2,FA16,294,10/4/2016,12/13/2016,Tue,AC,Rome,M. MERIDIUS,,,
10798,LAT-301,Advanced Latin I,FA16,294,10/4/2016,12/13/2016,Tue,AC,Cannae,O. LIVIUS,1485,,
10799,LAT-201,Intermediate Latin I,FA16,294,10/4/2016,12/13/2016,Tue,CN,Carthage,S. MARIUS,1485,,
10800,LAT-462,History,FA16,294,10/4/2016,12/13/2016,Tue,AC,Alexandria,G. LUCIANUS,,,
10801,LAT-206,Intermediate II - Morning,FA16,294,10/5/2016,12/14/2016,Wed,AC,Rome,G. LUCIANUS,,,
10802,LAT-105,Beginner II Morning,FA16,294,10/5/2016,12/14/2016,Wed,AC,Rome,G. LUCIANUS,,,
10803,LAT-201,Intermediate Latin I,FA16,294,10/5/2016,12/14/2016,Wed,AC,Alexandria,G. LUCIANUS,,,
10804,LAT-303,Advanced Latin III,FA16,294,10/5/2016,12/14/2016,Wed,AC,Carthage,S. MARIUS,1485,,
10805,LAT-302,Advanced Latin II,FA16,294,10/5/2016,12/14/2016,Wed,CN,Cannae,S. TATIUS,1485,,
10806,LAT-101,Beginner I,FA16,294,10/5/2016,12/14/2016,Wed,AC,Rome,O. LIVIUS,1485,,
10807,LAT-102,Beginner II,FA16,294,10/5/2016,12/14/2016,Wed,AC,Rome,O. LIVIUS,1485,,
10808,LAT-305,Conversation Club I,FA16,294,10/5/2016,12/14/2016,Wed,CN,Cannae,S. TATIUS,1485,,
10809,LAT-301,Advanced Latin I,FA16,294,10/5/2016,12/14/2016,Wed,CN,Carthage,S. MARIUS,1485,,
10810,LAT-306,Conversation Club II,FA16,294,10/5/2016,12/14/2016,Wed,AC,Alexandria,G. LUCIANUS,,,
10811,LAT-316,Conversation I Morning,FA16,294,9/29/2016,12/15/2016,Thu,CN,Alexandria,G. LUCIANUS,,,
10812,LAT-405,Roman Theater,FA16,294,9/29/2016,12/15/2016,Thu,AC,Rome,M. VALENTINIANUS,,,
10813,LAT-206,Intermediate II - Morning,FA16,294,9/29/2016,12/15/2016,Thu,CN,Cannae,P. AURELIUS,1485,,
10814,LAT-104,Beginner I Morning,FA16,294,9/29/2016,12/15/2016,Thu,CN,Alexandria,G. LUCIANUS,,,
10815,LAT-310,Advanced I Morning,FA16,294,9/29/2016,12/15/2016,Thu,CN,Rome,M. VALENTINIANUS,,,
10816,LAT-319,Conversation Club II - Morning,FA16,294,9/29/2016,12/15/2016,Thu,CN,Cannae,P. AURELIUS,1485,,
10817,LAT-458,Exploring Ancient Rome Through Wine and Regional Food,FA16,294,9/23/2016,12/16/2016,Fri,AC,Rome,T. TACITUS,,,
10818,LAT-101,Beginner I,FA16,294,10/1/2016,12/17/2016,Sat,AC,Rome,T. LAURENTINUS,,,
10819,LAT-231,Write and Learn,FA16,294,10/1/2016,12/17/2016,Sat,AC,Alexandria,S. TATIUS,1485,,
10820,LAT-306,Conversation Club II,FA16,294,10/1/2016,12/17/2016,Sat,AC,Cannae,S. MARIUS,1485,,
10821,LAT-307,Conversation III,FA16,294,10/1/2016,12/17/2016,Sat,AC,Carthage,G. LUCIANUS,,,
10822,LAT-216,Living Latin Grammar 1,FA16,294,10/1/2016,10/15/2016,Sat,CN,Carthage,G. LUCIANUS,,,
10823,LAT-217,Living Latin Grammar 2,FA16,294,10/22/2016,11/12/2016,Sat,AC,Carthage,G. LUCIANUS,,,
10824,LAT-218,Living Latin Grammar 3,FA16,294,11/19/2016,12/17/2016,Sat,AC,Carthage,G. LUCIANUS,,,
10825,LAT-102,Beginner II,FA16,294,10/1/2016,12/17/2016,Sat,AC,Alexandria,T. LAURENTINUS,,,
10826,LAT-305,Conversation Club I,FA16,294,10/1/2016,12/17/2016,Sat,AC,Cannae,S. TATIUS,1485,,
10827,LAT-202,Intermediate Latin II,FA16,294,10/1/2016,12/17/2016,Sat,CN,Antioch,S. MARIUS,1485,,
10828,LAT-315,Conversing wih Fables & Fairy Tales,FA16,294,10/1/2016,12/10/2016,Sat,AC,Rome,D. ROMILIUS,,,
10829,LAT-413,Latin Food Tasting,FA16,294,10/29/2016,10/29/2016,Sat,AC,Rome,,,,
10830,LAT-101,Beginner I,FA16,294,10/4/2016,12/13/2016,Tue,AC,Carthage,S. MARIUS,1485,,
10831,LAT-104,Beginner I Morning,WI17,295,1/2/2017,3/27/2017,Mon,AC,Rome,G. LUCIANUS,,,
10833,LAT-105,Beginner II Morning,WI17,295,1/2/2017,3/27/2017,Mon,AC,Rome,G. LUCIANUS,,,
10834,LAT-301,Advanced Latin I,WI17,295,1/2/2017,3/27/2017,Mon,CN,Carthage,S. MARIUS,1485,,
10835,LAT-101,Beginner I,WI17,295,1/2/2017,3/27/2017,Mon,AC,Alexandria,G. LUCIANUS,,,
10836,LAT-201,Intermediate Latin I,WI17,295,1/2/2017,3/27/2017,Mon,AC,Cannae,S. TATIUS,1485,,
10837,LAT-102,Beginner II,WI17,295,1/2/2017,3/27/2017,Mon,AC,Rome,O. LIVIUS,1485,,
10838,LAT-307,Conversation III,WI17,295,1/2/2017,3/27/2017,Mon,CN,Carthage,S. MARIUS,1485,,
10839,LAT-102,Beginner II,WI17,295,1/2/2017,3/27/2017,Mon,CN,Rome,G. LUCIANUS,,,
10840,LAT-305,Conversation Club I,WI17,295,1/2/2017,3/27/2017,Mon,CN,Alexandria,S. TATIUS,1485,,
10841,LAT-101,Beginner I,WI17,295,1/2/2017,3/27/2017,Mon,CN,Cannae,O. LIVIUS,1485,,
10842,LAT-205,Intermediate Latin I - Morning,WI17,295,1/10/2017,3/21/2017,Tue,AC,Alexandria,G. LUCIANUS,,,
10843,LAT-105,Beginner II Morning,WI17,295,1/10/2017,3/21/2017,Tue,AC,Rome,P. AURELIUS,1485,,
10844,LAT-230,Writing Lab,WI17,295,2/14/2017,3/14/2017,Tue,AC,Cannae,C. CORNELIUS,,,
10845,LAT-104,Beginner I Morning,WI17,295,1/10/2017,3/21/2017,Tue,CN,Alexandria,G. LUCIANUS,,,
10846,LAT-318,Conversation III Morning,WI17,295,1/10/2017,3/21/2017,Tue,AC,Rome,P. AURELIUS,1485,,
10847,LAT-101,Beginner I,WI17,295,1/10/2017,3/21/2017,Tue,AC,Rome,S. MARIUS,1485,,
10848,LAT-433,Roman History IV,WI17,295,1/10/2017,3/21/2017,Tue,AC,Alexandria,G. LUCIANUS,,,
10849,LAT-201,Intermediate Latin I,WI17,295,1/10/2017,3/21/2017,Tue,AC,Carthage,S. LONGINUS,1485,,
10850,LAT-301,Advanced Latin I,WI17,295,1/10/2017,3/21/2017,Tue,AC,Cannae,O. LIVIUS,1485,,
10851,LAT-102,Beginner II,WI17,295,1/10/2017,3/21/2017,Tue,AC,Cannae,S. MARIUS,1485,,
10852,LAT-473,Roman Culture,WI17,295,1/10/2017,3/21/2017,Tue,AC,Rome,G. LUCIANUS,,,
10853,LAT-303,Advanced Latin III,WI17,295,1/10/2017,3/21/2017,Tue,AC,Alexandria,S. LONGINUS,1485,,
10854,LAT-302,Advanced Latin II,WI17,295,1/10/2017,3/21/2017,Tue,CN,Carthage,O. LIVIUS,1485,,
10855,LAT-319,Conversation Club II - Morning,WI17,295,1/11/2017,3/22/2017,Wed,AC,Rome,G. LUCIANUS,,,
10856,LAT-310,Advanced I Morning,WI17,295,1/11/2017,3/22/2017,Wed,AC,Rome,G. LUCIANUS,,,
10857,LAT-101,Beginner I,WI17,295,1/11/2017,3/22/2017,Wed,AC,Alexandria,S. MARIUS,1485,,
10858,LAT-202,Intermediate Latin II,WI17,295,1/11/2017,3/22/2017,Wed,AC,Cannae,G. LUCIANUS,,,
10859,LAT-456,Roman Architecture,WI17,295,1/11/2017,3/22/2017,Wed,AC,Rome,S. TATIUS,1485,,
10860,LAT-201,Intermediate Latin I,WI17,295,1/11/2017,3/22/2017,Wed,CN,Carthage,O. LIVIUS,1485,,
10861,LAT-102,Beginner II,WI17,295,1/11/2017,3/22/2017,Wed,AC,Rome,S. MARIUS,1485,,
10862,LAT-306,Conversation Club II,WI17,295,1/11/2017,3/22/2017,Wed,CN,Carthage,G. LUCIANUS,,,
10863,LAT-305,Conversation Club I,WI17,295,1/11/2017,3/22/2017,Wed,CN,Alexandria,S. TATIUS,1485,,
10864,LAT-202,Intermediate Latin II,WI17,295,1/11/2017,3/22/2017,Wed,CN,Cannae,O. LIVIUS,1485,,
10865,LAT-316,Conversation I Morning,WI17,295,1/12/2017,3/23/2017,Thu,AC,Rome,P. AURELIUS,1485,,
10866,LAT-214,Latin Grammar,WI17,295,1/26/2017,3/23/2017,Thu,AC,Alexandria,M. VALENTINIANUS,,,
10867,LAT-104,Beginner I Morning,WI17,295,1/12/2017,3/23/2017,Thu,AC,Rome,P. AURELIUS,1485,,
10868,LAT-405,Roman Theater,WI17,295,1/26/2017,3/23/2017,Thu,AC,Alexandria,M. VALENTINIANUS,,,
10869,LAT-308,Advanced Latin I - FAST TRACK,WI17,295,2/2/2017,3/23/2017,Thu,AC,Rome,L. SALVIUS,,,
10870,LAT-451,Latin Authors,WI17,295,2/2/2017,3/23/2017,Thu,AC,Rome,L. SALVIUS,,,
10871,LAT-101,Beginner I,WI17,295,1/14/2017,3/25/2017,Sat,AC,Rome,S. MARIUS,1485,,
10872,LAT-232,Writing in Latin,WI17,295,1/14/2017,3/25/2017,Sat,AC,Cannae,S. TATIUS,1485,,
10873,LAT-102,Beginner II,WI17,295,1/14/2017,3/25/2017,Sat,AC,Alexandria,T. LAURENTINUS,,,
10874,LAT-403,The Beauty of Latin,WI17,295,2/4/2017,2/25/2017,Sat,AC,,F. QUINTIUS,,,
10875,LAT-305,Conversation Club I,WI17,295,1/14/2017,3/25/2017,Sat,AC,Carthage,G. LUCIANUS,,,
10876,LAT-301,Advanced Latin I,WI17,295,1/14/2017,3/25/2017,Sat,AC,Alexandria,S. MARIUS,1485,,
10877,LAT-202,Intermediate Latin II,WI17,295,1/14/2017,3/25/2017,Sat,CN,Carthage,S. TATIUS,1485,,
10878,LAT-201,Intermediate Latin I,WI17,295,1/14/2017,3/25/2017,Sat,AC,Cannae,T. LAURENTINUS,,,
10879,LAT-469,Literature and Conversation,WI17,295,1/14/2017,3/25/2017,Sat,AC,Rome,G. LUCIANUS,,,
10880,LAT-210,Intensive Grammar,WI17,295,1/28/2017,3/25/2017,Sat,AC,Alexandria,D. ROMILIUS,,,
10881,LAT-104,Beginner I Morning,SP17,296,4/3/2017,6/19/2017,Mon,CN,Rome,G. LUCIANUS,,,
10882,LAT-105,Beginner II Morning,SP17,296,4/3/2017,6/19/2017,Mon,CN,Rome,G. LUCIANUS,,,
10883,LAT-201,Intermediate Latin I,SP17,296,4/3/2017,6/19/2017,Mon,AC,Alexandria,S. MARIUS,1485,,
10884,LAT-101,Beginner I,SP17,296,4/3/2017,6/19/2017,Mon,AC,Cannae,S. TATIUS,1485,,
10885,LAT-202,Intermediate Latin II,SP17,296,4/3/2017,6/19/2017,Mon,AC,Carthage,G. LUCIANUS,,,
10886,LAT-102,Beginner II,SP17,296,4/3/2017,6/19/2017,Mon,AC,Rome,S. MARIUS,1485,,
10887,LAT-301,Advanced Latin I,SP17,296,4/3/2017,6/19/2017,Mon,CN,Carthage,S. TATIUS,1485,,
10888,LAT-307,Conversation III,SP17,296,4/3/2017,6/19/2017,Mon,CN,Alexandria,M. VALENTINIANUS,,,
10889,LAT-437,Book Club,SP17,296,4/3/2017,6/19/2017,Mon,AC,Carthage,G. LUCIANUS,,,
10890,LAT-224,In Other Words,SP17,296,4/3/2017,6/19/2017,Mon,AC,Rome,M. VALENTINIANUS,,,
10891,LAT-104,Beginner I Morning,SP17,296,4/4/2017,6/13/2017,Tue,AC,Cannae,G. LUCIANUS,,,
10892,LAT-205,Intermediate Latin I - Morning,SP17,296,4/4/2017,6/13/2017,Tue,AC,Rome,P. AURELIUS,1485,,
10893,LAT-438,Book Club,SP17,296,4/4/2017,5/16/2017,Tue,AC,Alexandria,C. CORNELIUS,,,
10894,LAT-105,Beginner II Morning,SP17,296,4/4/2017,6/13/2017,Tue,CN,Cannae,G. LUCIANUS,,,
10895,LAT-319,Conversation Club II - Morning,SP17,296,4/4/2017,6/13/2017,Tue,AC,Rome,P. AURELIUS,1485,,
10896,LAT-305,Conversation Club I,SP17,296,4/4/2017,6/13/2017,Tue,AC,Alexandria,S. MARIUS,1485,,
10897,LAT-433,Roman History IV,SP17,296,4/4/2017,6/13/2017,Tue,AC,Carthage,G. LUCIANUS,,,
10899,LAT-470,Magnum opus,SP17,296,4/4/2017,6/13/2017,Tue,AC,Cannae,M. VALENTINIANUS,,,
10900,LAT-102,Beginner II,SP17,296,4/4/2017,6/13/2017,Tue,AC,Rome,V. GALLUS,1485,,
10901,LAT-201,Intermediate Latin I,SP17,296,4/4/2017,6/13/2017,Tue,AC,Rome,S. MARIUS,1485,,
10902,LAT-101,Beginner I,SP17,296,4/4/2017,6/13/2017,Tue,AC,Cannae,G. LUCIANUS,,,
10903,LAT-302,Advanced Latin II,SP17,296,4/4/2017,6/13/2017,Tue,AC,Alexandria,M. VALENTINIANUS,,,
10904,LAT-428,Learn Latin with music!,SP17,296,4/4/2017,6/13/2017,Tue,CN,Carthage,V. GALLUS,1485,,
10905,LAT-206,Intermediate II - Morning,SP17,296,4/5/2017,6/14/2017,Wed,AC,Rome,G. LUCIANUS,,,
10906,LAT-310,Advanced I Morning,SP17,296,4/5/2017,6/14/2017,Wed,CN,Rome,G. LUCIANUS,,,
10907,LAT-101,Beginner I,SP17,296,4/5/2017,6/14/2017,Wed,AC,Rome,S. MARIUS,1485,,
10908,LAT-429,How to sound like a Roman,SP17,296,4/5/2017,6/14/2017,Wed,CN,Alexandria,G. LUCIANUS,,,
10909,LAT-232,Writing in Latin,SP17,296,4/5/2017,6/14/2017,Wed,CN,Carthage,S. TATIUS,1485,,
10910,LAT-405,Roman Theater,SP17,296,4/5/2017,6/14/2017,Wed,CN,Cannae,M. VALENTINIANUS,,,
10911,LAT-102,Beginner II,SP17,296,4/5/2017,6/14/2017,Wed,CN,Alexandria,S. MARIUS,1485,,
10912,LAT-305,Conversation Club I,SP17,296,4/5/2017,6/14/2017,Wed,CN,Carthage,G. LUCIANUS,,,
10913,LAT-202,Intermediate Latin II,SP17,296,4/5/2017,6/14/2017,Wed,CN,Cannae,S. TATIUS,1485,,
10914,LAT-303,Advanced Latin III,SP17,296,4/5/2017,6/14/2017,Wed,AC,Cannae,M. VALENTINIANUS,,,
10915,LAT-205,Intermediate Latin I - Morning,SP17,296,4/6/2017,6/15/2017,Thu,AC,Rome,G. LUCIANUS,,,
10916,LAT-105,Beginner II Morning,SP17,296,4/6/2017,6/15/2017,Thu,AC,Alexandria,P. AURELIUS,1485,,
10917,LAT-206,Intermediate II - Morning,SP17,296,4/6/2017,6/15/2017,Thu,CN,,G. LUCIANUS,,,
10918,LAT-104,Beginner I Morning,SP17,296,4/6/2017,6/15/2017,Thu,AC,Alexandria,P. AURELIUS,1485,,
10919,LAT-113,Book Conversations - Beginner,SP17,296,4/6/2017,4/27/2017,Thu,AC,Alexandria,O. LIVIUS,540,,
10920,LAT-216,Living Latin Grammar 1,SP17,296,6/1/2017,6/15/2017,Thu,CN,,O. LIVIUS,405,,
10921,LAT-123,"Learning Latin: Hobbies, Music, Food",SP17,296,4/6/2017,4/20/2017,Thu,CN,,T. LAURENTINUS,,,
10922,LAT-124,"Learning Latin: Latin stories, Latin holidays",SP17,296,6/8/2017,6/15/2017,Thu,CN,,T. LAURENTINUS,,,
10923,LAT-309,Advanced II FAST TRACK,SP17,296,4/6/2017,5/25/2017,Thu,AC,Cannae,L. SALVIUS,,,
10924,LAT-101,Beginner I,SP17,296,4/6/2017,6/15/2017,Thu,AC,Rome,L. MARIUS,,,
10925,LAT-450,Non sequitur,SP17,296,5/4/2017,6/1/2017,Thu,CN,,S. MARIUS,675,,
10926,LAT-219,Book Conversations - Intermediate,SP17,296,4/6/2017,4/27/2017,Thu,AC,Rome,O. LIVIUS,540,,
10927,LAT-217,Living Latin Grammar 2,SP17,296,6/1/2017,6/15/2017,Thu,CN,,O. LIVIUS,540,,
10928,LAT-211,Intensive Grammar 1,SP17,296,4/6/2017,4/20/2017,Thu,AC,Cannae,T. LAURENTINUS,,,
10929,LAT-212,Intensive Grammar 2,SP17,296,6/8/2017,6/15/2017,Thu,AC,Carthage,T. LAURENTINUS,,,
10930,LAT-451,Latin Authors,SP17,296,4/6/2017,5/25/2017,Thu,CN,,L. SALVIUS,,,
10931,LAT-301,Advanced Latin I,SP17,296,4/6/2017,6/15/2017,Thu,CN,,L. MARIUS,,,
10932,LAT-102,Beginner II,SP17,296,4/8/2017,6/17/2017,Sat,AC,Rome,G. LUCIANUS,,,
10933,LAT-201,Intermediate Latin I,SP17,296,4/8/2017,6/17/2017,Sat,CN,,S. TATIUS,1485,,
10934,LAT-202,Intermediate Latin II,SP17,296,4/8/2017,6/17/2017,Sat,AC,Cannae,S. MARIUS,1485,,
10935,LAT-461,Quid pro quo,SP17,296,4/8/2017,6/17/2017,Sat,AC,Carthage,M. MERIDIUS,,,
10936,LAT-101,Beginner I,SP17,296,4/8/2017,6/17/2017,Sat,AC,Rome,G. LUCIANUS,,,
10937,LAT-301,Advanced Latin I,SP17,296,4/8/2017,6/17/2017,Sat,CN,,S. TATIUS,1485,,
10938,LAT-302,Advanced Latin II,SP17,296,4/8/2017,6/17/2017,Sat,AC,Cannae,S. MARIUS,1485,,
10939,LAT-403,The Beauty of Latin,SP17,296,5/20/2017,6/10/2017,Sat,AC,Carthage,F. QUINTIUS,,,
10940,LAT-406,Table Topics,SP17,296,4/8/2017,5/20/2017,Sat,AC,Alexandria,D. ROMILIUS,,,
10942,LAT-425,Book Club,SP17,296,4/20/2017,5/11/2017,Thu,CN,,G. LUCIANUS,,,
10943,LAT-104,Beginner I Morning,SU17,297,7/10/2017,9/25/2017,Mon,AC,Alexandria,G. LUCIANUS,,,
10944,LAT-105,Beginner II Morning,SU17,297,7/10/2017,9/25/2017,Mon,AC,Alexandria,G. LUCIANUS,,,
10945,LAT-102,Beginner II,SU17,297,7/10/2017,9/25/2017,Mon,AC,Carthage,G. LUCIANUS,,,
10946,LAT-101,Beginner I,SU17,297,7/10/2017,9/25/2017,Mon,AC,Alexandria,O. LIVIUS,1485,,
10947,LAT-201,Intermediate Latin I,SU17,297,7/10/2017,9/25/2017,Mon,CN,,S. TATIUS,1485,,
10948,LAT-109,Grammar For You: Beginner,SU17,297,7/10/2017,7/31/2017,Mon,AC,Rome,L. MARIUS,,,
10949,LAT-202,Intermediate Latin II,SU17,297,7/10/2017,9/25/2017,Mon,AC,Carthage,G. LUCIANUS,,,
10950,LAT-314,Difficult Latin,SU17,297,7/10/2017,9/25/2017,Mon,AC,Cannae,S. TATIUS,,,
10951,LAT-221,Grammar For You: Intermediate,SU17,297,7/10/2017,7/31/2017,Mon,AC,Rome,L. MARIUS,,,
10952,LAT-205,Intermediate Latin I - Morning,SU17,297,7/11/2017,9/18/2017,Tue,AC,Alexandria,G. LUCIANUS,,,
10953,LAT-222,Grammar For You: Advanced,SU17,297,8/29/2017,9/18/2017,Tue,CN,,C. CORNELIUS,,,
10954,LAT-206,Intermediate II - Morning,SU17,297,7/11/2017,9/18/2017,Tue,AC,Alexandria,G. LUCIANUS,,,
10955,LAT-102,Beginner II,SU17,297,7/11/2017,9/18/2017,Tue,CN,,O. LIVIUS,1485,,
10956,LAT-433,Roman History IV,SU17,297,7/11/2017,9/18/2017,Tue,AC,Alexandria,G. LUCIANUS,,,
10957,LAT-208,Intermediate Latin II - FAST 1,SU17,297,7/11/2017,8/15/2017,Tue,CN,,S. LONGINUS,810,,
10958,LAT-209,Intermediate Latin II - FAST 2,SU17,297,9/5/2017,9/26/2017,Tue,CN,,S. LONGINUS,540,,
10959,LAT-101,Beginner I,SU17,297,7/11/2017,9/18/2017,Tue,AC,Rome,O. LIVIUS,1485,,
10960,LAT-119,Three steps Latin,SU17,297,7/11/2017,9/18/2017,Tue,AC,Alexandria,G. LUCIANUS,,,
10961,LAT-308,Advanced Latin I - FAST TRACK,SU17,297,7/11/2017,8/15/2017,Tue,AC,Carthage,S. LONGINUS,1080,,
10962,LAT-308,Advanced Latin I - FAST TRACK,SU17,297,9/5/2017,9/26/2017,Tue,AC,Carthage,S. LONGINUS,1080,,
10963,LAT-313,Conversation I,SU17,297,7/5/2017,9/25/2017,Wed,AC,Carthage,G. LUCIANUS,,,
10964,LAT-104,Beginner I Morning,SU17,297,7/5/2017,9/25/2017,Wed,CN,,G. LUCIANUS,,,
10967,LAT-102,Beginner II,SU17,297,7/12/2017,9/25/2017,Wed,AC,,,,,
10968,LAT-108,Beginner II FAST TRACK,SU17,297,7/12/2017,9/25/2017,Wed,AC,Alexandria,O. LIVIUS,1350,,
10969,LAT-310,Advanced I Morning,SU17,297,7/5/2017,9/25/2017,Wed,AC,Alexandria,G. LUCIANUS,,,
10970,LAT-202,Intermediate Latin II,SU17,297,7/5/2017,9/25/2017,Wed,CN,,S. TATIUS,1485,,
10971,LAT-201,Intermediate Latin I,SU17,297,7/5/2017,9/25/2017,Wed,CN,,V. GALLUS,1485,,
10972,LAT-107,Beginner I FAST,SU17,297,7/12/2017,9/25/2017,Wed,AC,Alexandria,O. LIVIUS,1350,,
10973,LAT-317,Conversation II - Morning,SU17,297,7/5/2017,9/25/2017,Wed,CN,,G. LUCIANUS,,,
10974,LAT-303,Advanced Latin III,SU17,297,7/5/2017,9/25/2017,Wed,CN,,S. TATIUS,1485,,
10975,LAT-109,Grammar For You: Beginner,SU17,297,7/6/2017,7/27/2017,Thu,AC,Alexandria,L. MARIUS,,,
10976,LAT-221,Grammar For You: Intermediate,SU17,297,7/6/2017,7/27/2017,Thu,AC,Alexandria,L. MARIUS,,,
10977,LAT-101,Beginner I,SU17,297,7/8/2017,9/16/2017,Sat,AC,Rome,G. LUCIANUS,,,
10978,LAT-102,Beginner II,SU17,297,7/8/2017,9/16/2017,Sat,CN,,S. TATIUS,1485,,
10979,LAT-426,Status quo,SU17,297,7/8/2017,7/29/2017,Sat,AC,Alexandria,L. MARIUS,,,
10980,LAT-201,Intermediate Latin I,SU17,297,7/8/2017,9/16/2017,Sat,AC,Rome,S. TATIUS,1485,,
10981,LAT-202,Intermediate Latin II,SU17,297,7/8/2017,9/16/2017,Sat,CN,,G. LUCIANUS,,,
10982,LAT-315,Conversing wih Fables & Fairy Tales,SU17,297,8/26/2017,9/23/2017,Sat,AC,Carthage,D. ROMILIUS,,,
10983,LAT-427,Trilogy Book Study,SU17,297,7/6/2017,9/14/2017,Thu,AC,Rome,G. LUCIANUS,,,
10984,LAT-314,Difficult Latin,SU17,297,,,,,,,,,
10985,LAT-314,Difficult Latin,SU17,297,,,,,,,,,
10986,LAT-104,Beginner I Morning,FA17,298,10/2/2017,12/11/2017,Mon,AC,Carthage,G. LUCIANUS,,,
10987,LAT-305,Conversation Club I,FA17,298,10/2/2017,12/11/2017,Mon,AC,Cannae,P. AURELIUS,1485,,
10988,LAT-205,Intermediate Latin I - Morning,FA17,298,10/2/2017,12/11/2017,Mon,CN,,P. AURELIUS,1485,,
10989,LAT-101,Beginner I,FA17,298,10/2/2017,12/11/2017,Mon,AC,,,,,
10990,LAT-206,Intermediate II - Morning,FA17,298,10/2/2017,12/11/2017,Mon,CN,,G. LUCIANUS,,,
10991,LAT-101,Beginner I,FA17,298,10/2/2017,12/11/2017,Mon,AC,Rome,A. SECUNDINUS,1485,,
10992,LAT-202,Intermediate Latin II,FA17,298,10/2/2017,12/11/2017,Mon,AC,,,,,
10993,LAT-102,Beginner II,FA17,298,10/2/2017,12/11/2017,Mon,AC,Alexandria,G. LUCIANUS,,,
10994,LAT-201,Intermediate Latin I,FA17,298,,,,CN,,O. LIVIUS,1485,,
10995,LAT-201,Intermediate Latin I,FA17,298,10/2/2017,12/11/2017,Mon,AC,Cannae,O. LIVIUS,1485,,
10996,LAT-202,Intermediate Latin II,FA17,298,10/2/2017,12/11/2017,Mon,CN,,A. FESTUS,1485,,
10997,LAT-301,Advanced Latin I,FA17,298,10/2/2017,12/11/2017,Mon,AC,Carthage,L. MARIUS,,,
10998,LAT-101,Beginner I,FA17,298,10/2/2017,12/11/2017,Mon,CN,,A. SECUNDINUS,1485,,
10999,LAT-102,Beginner II,FA17,298,10/2/2017,12/11/2017,Mon,CN,,A. FESTUS,1485,,
11000,LAT-119,Three steps Latin,FA17,298,10/2/2017,12/11/2017,Mon,AC,Alexandria,G. LUCIANUS,,,
11001,LAT-222,Grammar For You: Advanced,FA17,298,10/2/2017,12/11/2017,Mon,CN,,L. MARIUS,,,
11004,LAT-104,Beginner I Morning,FA17,298,10/3/2017,12/12/2017,Tue,AC,Alexandria,G. LUCIANUS,,,
11005,LAT-105,Beginner II Morning,FA17,298,10/3/2017,12/12/2017,Tue,AC,Alexandria,G. LUCIANUS,,,
11006,LAT-206,Intermediate II - Morning,FA17,298,10/3/2017,12/12/2017,Tue,AC,Rome,P. AURELIUS,1485,,
11007,LAT-101,Beginner I,FA17,298,10/3/2017,12/12/2017,Tue,AC,Rome,B. DOMITIUS,,,
11008,LAT-102,Beginner II,FA17,298,10/10/2017,12/19/2017,Tue,AC,Cannae,O. LIVIUS,1485,,
11009,LAT-202,Intermediate Latin II,FA17,298,10/3/2017,12/12/2017,Tue,CN,,A. SECUNDINUS,1485,,
11010,LAT-301,Advanced Latin I,FA17,298,10/3/2017,12/12/2017,Tue,CN,,S. LONGINUS,1485,,
11011,LAT-433,Roman History IV,FA17,298,10/3/2017,12/12/2017,Tue,CN,,G. LUCIANUS,,,
11012,LAT-101,Beginner I,FA17,298,10/3/2017,12/12/2017,Tue,CN,,A. SECUNDINUS,1485,,
11013,LAT-201,Intermediate Latin I,FA17,298,10/3/2017,12/12/2017,Tue,CN,,B. DOMITIUS,,,
11014,LAT-303,Advanced Latin III,FA17,298,10/3/2017,12/12/2017,Tue,AC,Antioch,S. LONGINUS,1485,,
11015,LAT-404,Latin Book Club,FA17,298,10/3/2017,12/12/2017,Tue,AC,Alexandria,G. LUCIANUS,,,
11016,LAT-302,Advanced Latin II,FA17,298,10/4/2017,12/13/2017,Wed,CN,,G. LUCIANUS,,,
11017,LAT-104,Beginner I Morning,FA17,298,10/4/2017,12/13/2017,Wed,CN,,G. LUCIANUS,,,
11018,LAT-101,Beginner I,FA17,298,10/4/2017,12/13/2017,Wed,AC,Alexandria,V. GALLUS,1485,,
11019,LAT-101,Beginner I,FA17,298,10/11/2017,12/20/2017,Wed,CN,,O. LIVIUS,1485,,
11020,LAT-102,Beginner II,FA17,298,10/4/2017,12/13/2017,Wed,CN,,G. LUCIANUS,,,
11021,LAT-201,Intermediate Latin I,FA17,298,10/4/2017,12/13/2017,Wed,CN,,A. SECUNDINUS,1485,,
11022,LAT-202,Intermediate Latin II,FA17,298,10/4/2017,12/13/2017,Wed,AC,Cannae,A. FESTUS,1485,,
11023,LAT-461,Quid pro quo,FA17,298,10/4/2017,12/13/2017,Wed,AC,Rome,M. MERIDIUS,,,
11024,LAT-101,Beginner I,FA17,298,10/4/2017,12/13/2017,Wed,CN,,A. SECUNDINUS,1485,,
11025,LAT-102,Beginner II,FA17,298,10/4/2017,12/13/2017,Wed,CN,,O. LIVIUS,1485,,
11026,LAT-201,Intermediate Latin I,FA17,298,10/4/2017,12/13/2017,Wed,CN,,M. MERIDIUS,,,
11027,LAT-301,Advanced Latin I,FA17,298,10/4/2017,12/13/2017,Wed,CN,,A. FESTUS,1485,,
11028,LAT-306,Conversation Club II,FA17,298,10/4/2017,12/13/2017,Wed,AC,Rome,G. LUCIANUS,,,
11029,LAT-206,Intermediate II - Morning,FA17,298,10/5/2017,12/21/2017,Thu,AC,Alexandria,G. LUCIANUS,,,
11030,LAT-105,Beginner II Morning,FA17,298,10/5/2017,12/21/2017,Thu,CN,,G. LUCIANUS,,,
11031,LAT-101,Beginner I,FA17,298,10/5/2017,12/21/2017,Thu,CN,,G. LUCIANUS,,,
11032,LAT-102,Beginner II,FA17,298,10/5/2017,12/21/2017,Thu,CN,,B. DOMITIUS,,,
11033,LAT-201,Intermediate Latin I,FA17,298,10/5/2017,12/21/2017,Thu,CN,,A. SECUNDINUS,1485,,
11034,LAT-221,Grammar For You: Intermediate,FA17,298,10/5/2017,12/21/2017,Thu,AC,Rome,L. MARIUS,,,
11035,LAT-101,Beginner I,FA17,298,10/5/2017,12/21/2017,Thu,AC,Alexandria,A. SECUNDINUS,1485,,
11036,LAT-202,Intermediate Latin II,FA17,298,10/5/2017,12/21/2017,Thu,CN,,G. LUCIANUS,,,
11037,LAT-301,Advanced Latin I,FA17,298,10/5/2017,12/21/2017,Thu,CN,,B. DOMITIUS,,,
11038,LAT-302,Advanced Latin II,FA17,298,10/5/2017,12/21/2017,Thu,CN,,L. MARIUS,,,
11039,LAT-101,Beginner I,FA17,298,10/7/2017,12/16/2017,Sat,AC,Rome,A. FESTUS,1485,,
11040,LAT-202,Intermediate Latin II,FA17,298,10/7/2017,12/16/2017,Sat,CN,,G. LUCIANUS,,,
11041,LAT-456,Roman Architecture,FA17,298,10/7/2017,12/16/2017,Sat,AC,Alexandria,S. TATIUS,1485,,
11042,LAT-403,The Beauty of Latin,FA17,298,10/7/2017,10/28/2017,Sat,CN,,F. QUINTIUS,,,
11043,LAT-102,Beginner II,FA17,298,10/7/2017,12/16/2017,Sat,AC,Carthage,A. FESTUS,1485,,
11044,LAT-201,Intermediate Latin I,FA17,298,10/7/2017,12/16/2017,Sat,AC,Alexandria,S. TATIUS,1485,,
11045,LAT-223,Grammar Legends,FA17,298,10/7/2017,12/9/2017,Sat,AC,Rome,G. LUCIANUS,,,
11046,LAT-406,Table Topics,FA17,298,10/7/2017,12/9/2017,Sat,AC,Cannae,D. ROMILIUS,,,
11047,LAT-315,Conversing wih Fables & Fairy Tales,WI18,299,1/27/2018,3/17/2018,Sat,AC,Carthage,D. ROMILIUS,,,
11048,LAT-473,Roman Culture,WI18,299,1/6/2018,3/17/2018,Sat,,,,,,
11049,LAT-202,Intermediate Latin II,WI18,299,1/6/2018,3/17/2018,Sat,,,,,,
11050,LAT-201,Intermediate Latin I,WI18,299,1/6/2018,3/17/2018,Sat,,,,,,
11051,LAT-401,Latin for Travelers,WI18,299,1/6/2018,3/17/2018,Sat,,,,,,
11052,LAT-102,Beginner II,WI18,299,1/6/2018,3/17/2018,Sat,,,,,,
11053,LAT-101,Beginner I,WI18,299,1/6/2018,3/17/2018,Sat,,,,,,
11054,LAT-222,Grammar For You: Advanced,WI18,299,1/18/2018,3/15/2018,Thu,,,,,,
11055,LAT-303,Advanced Latin III,WI18,299,1/4/2018,3/15/2018,Thu,,,,,,
11056,LAT-302,Advanced Latin II,WI18,299,1/4/2018,3/15/2018,Thu,,,,,,
11057,LAT-301,Advanced Latin I,WI18,299,1/4/2018,3/15/2018,Thu,,,,,,
11058,LAT-202,Intermediate Latin II,WI18,299,1/18/2018,3/15/2018,Thu,,,,,,
11059,LAT-201,Intermediate Latin I,WI18,299,1/4/2018,3/15/2018,Thu,,,,,,
11060,LAT-102,Beginner II,WI18,299,1/4/2018,3/15/2018,Thu,,,,,,
11061,LAT-101,Beginner I,WI18,299,1/4/2018,3/15/2018,Thu,,,,,,
11062,LAT-206,Intermediate II - Morning,WI18,299,1/4/2018,3/15/2018,Thu,,,,,,
11063,LAT-205,Intermediate Latin I - Morning,WI18,299,1/4/2018,3/15/2018,,,,,,,
11064,LAT-474,Latin Puns,WI18,299,1/3/2018,3/14/2018,Wed,,,,,,
11065,LAT-301,Advanced Latin I,WI18,299,1/3/2018,3/14/2018,Wed,,,,,,
11066,LAT-202,Intermediate Latin II,WI18,299,1/3/2018,3/14/2018,Wed,,,,,,
11067,LAT-480,Art,WI18,299,1/6/2018,3/17/2018,Sat,AC,Alexandria,S. TATIUS,1485,,
11068,LAT-202,Intermediate Latin II,WI18,299,1/6/2018,3/17/2018,Sat,CN,,G. LUCIANUS,,,
11069,LAT-201,Intermediate Latin I,WI18,299,1/6/2018,3/17/2018,Sat,AC,Rome,A. FESTUS,1485,,
11070,LAT-401,Latin for Travelers,WI18,299,1/6/2018,3/17/2018,Sat,AC,Alexandria,S. TATIUS,1440,,
11071,LAT-102,Beginner II,WI18,299,1/6/2018,3/17/2018,Sat,AC,Rome,A. FESTUS,1485,,
11072,LAT-101,Beginner I,WI18,299,1/6/2018,3/17/2018,Sat,AC,Cannae,G. LUCIANUS,,,
11073,LAT-229,Grammar for you,WI18,299,1/18/2018,3/15/2018,Thu,AC,Carthage,L. MARIUS,,,
11074,LAT-303,Advanced Latin III,WI18,299,1/4/2018,3/15/2018,Thu,CN,,B. DOMITIUS,,,
11075,LAT-302,Advanced Latin II,WI18,299,1/4/2018,3/15/2018,Thu,CN,,A. SECUNDINUS,1485,,
11076,LAT-301,Advanced Latin I,WI18,299,1/4/2018,3/15/2018,Thu,CN,,G. LUCIANUS,,,
11077,LAT-202,Intermediate Latin II,WI18,299,1/18/2018,3/15/2018,Thu,CN,,L. MARIUS,,,
11078,LAT-201,Intermediate Latin I,WI18,299,1/4/2018,3/15/2018,Thu,CN,,B. DOMITIUS,,,
11079,LAT-102,Beginner II,WI18,299,1/4/2018,3/15/2018,Thu,CN,,A. SECUNDINUS,1485,,
11080,LAT-101,Beginner I,WI18,299,1/4/2018,3/15/2018,Thu,AC,Rome,G. LUCIANUS,,,
11081,LAT-206,Intermediate II - Morning,WI18,299,1/4/2018,3/15/2018,Thu,CN,,G. LUCIANUS,,,
11082,LAT-205,Intermediate Latin I - Morning,WI18,299,1/4/2018,3/15/2018,Thu,AC,Rome,G. LUCIANUS,,,
11084,LAT-472,Latin in Hand,WI18,299,1/3/2018,3/14/2018,Wed,AC,Rome,G. LUCIANUS,,,
11085,LAT-301,Advanced Latin I,WI18,299,1/3/2018,3/14/2018,Wed,CN,,A. SECUNDINUS,1485,,
11086,LAT-202,Intermediate Latin II,WI18,299,1/3/2018,3/14/2018,Wed,CN,,A. FESTUS,1485,,
11087,LAT-202,Intermediate Latin II,WI18,299,1/3/2018,3/14/2018,Wed,CN,,A. SECUNDINUS,1485,,
11088,LAT-201,Intermediate Latin I,WI18,299,1/3/2018,3/14/2018,Wed,AC,Rome,G. LUCIANUS,,,
11089,LAT-102,Beginner II,WI18,299,1/3/2018,3/14/2018,Wed,AC,Alexandria,A. FESTUS,1485,,
11090,LAT-101,Beginner I,WI18,299,1/3/2018,3/14/2018,Wed,AC,Cannae,V. GALLUS,1485,,
11091,LAT-105,Beginner II Morning,WI18,299,1/3/2018,3/14/2018,Wed,CN,,G. LUCIANUS,,,
11092,LAT-104,Beginner I Morning,WI18,299,1/3/2018,3/14/2018,Wed,AC,Rome,G. LUCIANUS,,,
11093,LAT-470,Magnum opus,WI18,299,1/16/2018,3/20/2018,Tue,AC,Rome,M. VALENTINIANUS,,,
11095,LAT-431,Roman History II,WI18,299,1/9/2018,3/20/2018,,,,,,,
11096,LAT-431,Roman History II,WI18,299,1/9/2018,3/20/2018,Tue,AC,Alexandria,G. LUCIANUS,,,
11097,LAT-302,Advanced Latin II,WI18,299,1/9/2018,3/20/2018,Tue,CN,,S. LONGINUS,1485,,
11098,LAT-301,Advanced Latin I,WI18,299,1/9/2018,3/20/2018,Tue,CN,,B. DOMITIUS,,,
11099,LAT-102,Beginner II,WI18,299,1/9/2018,3/20/2018,Tue,CN,,A. SECUNDINUS,1485,,
11100,LAT-405,Roman Theater,WI18,299,1/16/2018,3/20/2018,Tue,AC,Rome,M. VALENTINIANUS,,,
11101,LAT-404,Latin Book Club,WI18,299,1/9/2018,3/20/2018,Tue,AC,Alexandria,G. LUCIANUS,,,
11102,LAT-307,Conversation III,WI18,299,1/9/2018,3/20/2018,Tue,AC,Antioch,S. LONGINUS,1485,,
11103,LAT-202,Intermediate Latin II,WI18,299,1/9/2018,3/20/2018,Tue,CN,,B. DOMITIUS,,,
11104,LAT-201,Intermediate Latin I,WI18,299,1/9/2018,3/20/2018,Tue,AC,Carthage,O. LIVIUS,1485,,
11105,LAT-101,Beginner I,WI18,299,1/9/2018,3/20/2018,Tue,AC,Cannae,A. SECUNDINUS,1485,,
11106,LAT-105,Beginner II Morning,WI18,299,1/9/2018,3/20/2018,Tue,CN,,P. AURELIUS,1485,,
11107,LAT-104,Beginner I Morning,WI18,299,1/9/2018,3/20/2018,Tue,AC,Carthage,G. LUCIANUS,,,
11108,LAT-205,Intermediate Latin I - Morning,WI18,299,1/9/2018,3/20/2018,Tue,CN,,G. LUCIANUS,,,
11109,LAT-305,Conversation Club I,WI18,299,1/9/2018,3/20/2018,Tue,AC,Rome,P. AURELIUS,1485,,
11110,LAT-230,Writing Lab,WI18,299,2/13/2018,3/13/2018,Tue,AC,Carthage,C. CORNELIUS,,,
11111,LAT-302,Advanced Latin II,WI18,299,1/22/2018,3/19/2018,Mon,AC,Rome,L. MARIUS,,,
11112,LAT-101,Beginner I,WI18,299,1/8/2018,3/19/2018,Mon,AC,Alexandria,G. LUCIANUS,,,
11113,LAT-306,Conversation Club II,WI18,299,1/8/2018,3/19/2018,Mon,CN,,A. SECUNDINUS,1485,,
11114,LAT-301,Advanced Latin I,WI18,299,1/22/2018,3/19/2018,Mon,CN,,L. MARIUS,,,
11115,LAT-202,Intermediate Latin II,WI18,299,1/8/2018,3/19/2018,Mon,AC,Cannae,O. LIVIUS,1485,,
11116,LAT-201,Intermediate Latin I,WI18,299,1/8/2018,3/19/2018,Mon,AC,Alexandria,G. LUCIANUS,,,
11117,LAT-102,Beginner II,WI18,299,1/8/2018,3/19/2018,Mon,AC,Rome,A. SECUNDINUS,1485,,
11118,LAT-206,Intermediate II - Morning,WI18,299,1/8/2018,3/19/2018,Mon,CN,,G. LUCIANUS,,,
11119,LAT-205,Intermediate Latin I - Morning,WI18,299,1/8/2018,3/19/2018,Mon,CN,,P. AURELIUS,1485,,
11120,LAT-105,Beginner II Morning,WI18,299,1/8/2018,3/19/2018,Mon,AC,Rome,P. AURELIUS,1485,,
11121,LAT-104,Beginner I Morning,WI18,299,1/8/2018,3/19/2018,Mon,CN,,G. LUCIANUS,,,
11122,LAT-406,Table Topics,SP18,300,4/7/2018,5/26/2018,Sat,AC,Cannae,D. ROMILIUS,,,
11123,LAT-480,Art,SP18,300,4/7/2018,6/16/2018,Sat,AC,Alexandria,S. TATIUS,1485,,
11124,LAT-101,Beginner I,SP18,300,4/7/2018,6/16/2018,Sat,CN,,G. LUCIANUS,0,,
11125,LAT-201,Intermediate Latin I,SP18,300,4/7/2018,6/16/2018,Sat,AC,Rome,A. FESTUS,1485,,
11126,LAT-401,Latin for Travelers,SP18,300,4/7/2018,6/16/2018,Sat,AC,Alexandria,S. TATIUS,1440,,
11127,LAT-102,Beginner II,SP18,300,4/7/2018,6/16/2018,Sat,AC,Rome,A. FESTUS,1485,,
11128,LAT-306,Conversation Club II,SP18,300,4/7/2018,6/16/2018,Sat,AC,Antioch,G. LUCIANUS,1485,,
11129,LAT-402,Latin Literature,SP18,300,4/5/2018,6/14/2018,Thu,AC,,L. MARIUS,1080,,
11130,LAT-202,Intermediate Latin II,SP18,300,4/5/2018,6/14/2018,Thu,CN,,B. DOMITIUS,0,,
11131,LAT-301,Advanced Latin I,SP18,300,4/5/2018,6/14/2018,Thu,CN,,A. SECUNDINUS,0,,
11132,LAT-102,Beginner II,SP18,300,4/5/2018,6/14/2018,Thu,CN,,G. LUCIANUS,0,,
11133,LAT-201,Intermediate Latin I,SP18,300,4/5/2018,6/14/2018,Thu,CN,,B. DOMITIUS,0,,
11134,LAT-101,Beginner I,SP18,300,4/5/2018,6/14/2018,Thu,CN,,A. SECUNDINUS,0,,
11135,LAT-118,Popular Latin Phrases,SP18,300,4/5/2018,6/14/2018,Thu,AC,,G. LUCIANUS,0,,
11136,LAT-104,Beginner I Morning,SP18,300,4/5/2018,6/14/2018,Thu,CN,,G. LUCIANUS,0,,
11137,LAT-206,Intermediate II - Morning,SP18,300,4/5/2018,6/14/2018,Thu,AC,,G. LUCIANUS,1485,,
11138,LAT-310,Advanced I Morning,SP18,300,4/5/2018,6/14/2018,Thu,CN,,C. RUFINUS,0,,
11139,LAT-472,Latin in Hand,SP18,300,4/4/2018,6/13/2018,Wed,CN,,G. LUCIANUS,0,,
11140,LAT-302,Advanced Latin II,SP18,300,4/4/2018,6/13/2018,Wed,CN,,A. SECUNDINUS,0,,
11141,LAT-102,Beginner II,SP18,300,4/4/2018,6/13/2018,Wed,CN,,A. FESTUS,0,,
11142,LAT-307,Conversation III,SP18,300,4/4/2018,6/13/2018,Wed,AC,,A. SECUNDINUS,1485,,
11143,LAT-201,Intermediate Latin I,SP18,300,4/4/2018,6/13/2018,Wed,CN,,G. LUCIANUS,0,,
11144,LAT-305,Conversation Club I,SP18,300,4/4/2018,6/13/2018,Wed,AC,,A. FESTUS,1485,,
11145,LAT-101,Beginner I,SP18,300,4/4/2018,6/13/2018,Wed,CN,,V. GALLUS,0,,
11146,LAT-205,Intermediate Latin I - Morning,SP18,300,4/4/2018,6/13/2018,Wed,CN,,A. SECUNDINUS,0,,
11147,LAT-104,Beginner I Morning,SP18,300,4/4/2018,6/13/2018,Wed,CN,,G. LUCIANUS,0,,
11148,LAT-310,Advanced I Morning,SP18,300,4/4/2018,6/13/2018,Wed,AC,,G. LUCIANUS,1485,,
11149,LAT-105,Beginner II Morning,SP18,300,4/4/2018,6/13/2018,Wed,CN,,C. RUFINUS,0,,
11150,LAT-225,Passionate Latin,SP18,300,4/3/2018,5/29/2018,Tue,AC,Alexandria,M. VALENTINIANUS,1485,,
11151,LAT-431,Roman History II,SP18,300,4/3/2018,5/29/2018,Tue,AC,Carthage,G. LUCIANUS,1485,,
11152,LAT-301,Advanced Latin I,SP18,300,4/3/2018,6/12/2018,Tue,CN,,A. SECUNDINUS,0,,
11153,LAT-102,Beginner II,SP18,300,4/3/2018,6/12/2018,Tue,CN,,B. DOMITIUS,0,,
11154,LAT-101,Beginner I,SP18,300,4/3/2018,6/12/2018,Tue,AC,,S. LONGINUS,1485,,
11155,LAT-475,Movies,SP18,300,4/3/2018,6/12/2018,Tue,AC,Alexandria,M. VALENTINIANUS,1350,,
11156,LAT-404,Latin Book Club,SP18,300,4/3/2018,6/12/2018,Tue,AC,Carthage,G. LUCIANUS,1485,,
11157,LAT-202,Intermediate Latin II,SP18,300,4/3/2018,6/12/2018,Tue,AC,Rome,O. LIVIUS,1485,,
11158,LAT-201,Intermediate Latin I,SP18,300,4/3/2018,6/12/2018,Tue,AC,,S. LONGINUS,1485,,
11159,LAT-102,Beginner II,SP18,300,4/3/2018,6/12/2018,Tue,AC,Antioch,A. SECUNDINUS,1485,,
11160,LAT-101,Beginner I,SP18,300,4/3/2018,6/12/2018,Tue,AC,Cannae,B. DOMITIUS,1485,,
11161,LAT-306,Conversation Club II,SP18,300,4/3/2018,6/12/2018,Tue,AC,Rome,P. AURELIUS,1485,,
11162,LAT-105,Beginner II Morning,SP18,300,4/3/2018,6/12/2018,Tue,AC,Alexandria,G. LUCIANUS,1485,,
11163,LAT-205,Intermediate Latin I - Morning,SP18,300,4/3/2018,6/12/2018,Tue,AC,Rome,P. AURELIUS,1485,,
11164,LAT-104,Beginner I Morning,SP18,300,4/3/2018,6/12/2018,Tue,AC,Alexandria,G. LUCIANUS,1485,,
11165,LAT-208,Intermediate Latin II - FAST 1,SP18,300,4/3/2018,5/15/2018,Tue,CN,,C. CORNELIUS,0,,
11166,LAT-402,Latin Literature,SP18,300,4/2/2018,6/18/2018,Tue,CN,,L. MARIUS,0,,
11167,LAT-464,Roman Theater,SP18,300,4/2/2018,6/18/2018,Mon,CN,,C. RUFINUS,0,,
11168,LAT-202,Intermediate Latin II,SP18,300,4/2/2018,6/18/2018,Mon,CN,,G. LUCIANUS,0,,
11169,LAT-102,Beginner II,SP18,300,4/16/2018,6/18/2018,Mon,AC,Alexandria,A. SECUNDINUS,1485,,
11170,LAT-460,Songs,SP18,300,4/16/2018,6/18/2018,Mon,CN,,C. RUFINUS,0,,
11171,LAT-301,Advanced Latin I,SP18,300,4/2/2018,6/18/2018,Mon,AC,Antioch,O. LIVIUS,1485,,
11172,LAT-101,Beginner I,SP18,300,4/2/2018,6/18/2018,Mon,AC,Rome,G. LUCIANUS,1485,,
11173,LAT-201,Intermediate Latin I,SP18,300,4/2/2018,6/18/2018,Mon,AC,Alexandria,A. SECUNDINUS,1485,,
11174,LAT-206,Intermediate II - Morning,SP18,300,4/2/2018,6/18/2018,Mon,CN,,A. SECUNDINUS,0,,
11175,LAT-105,Beginner II Morning,SP18,300,4/2/2018,6/18/2018,Mon,CN,,G. LUCIANUS,0,,
11176,LAT-305,Conversation Club I,SP18,300,4/2/2018,6/18/2018,Mon,CN,,A. SECUNDINUS,0,,
11177,LAT-104,Beginner I Morning,SP18,300,4/2/2018,6/18/2018,Mon,AC,Carthage,G. LUCIANUS,1485,,
11178,LAT-205,Intermediate Latin I - Morning,SP18,300,4/2/2018,6/18/2018,Mon,CN,,C. RUFINUS,0,,
11179,LAT-206,Intermediate II - Morning,SP18,300,4/21/2018,6/30/2018,Sat,CN,,F. QUINTIUS,0,,
11180,LAT-101,Beginner I,SP18,300,4/21/2018,6/30/2018,Sat,CN,,F. QUINTIUS,0,,
11181,LAT-102,Beginner II,SP18,300,4/19/2018,6/21/2018,Thu,CN,,B. DOMITIUS,0,,
11182,LAT-101,Beginner I,SP18,300,4/19/2018,6/21/2018,Thu,AC,,B. DOMITIUS,1485,,
11183,LAT-101,Beginner I,SP18,300,4/17/2018,6/19/2018,Tue,CN,,C. RUFINUS,0,,
11184,LAT-301,Advanced Latin I,SP18,300,4/17/2018,6/19/2018,Tue,CN,,C. RUFINUS,0,,
11185,LAT-315,Conversing wih Fables & Fairy Tales,SU18,301,8/25/2018,9/15/2018,Sat,AC,,D. ROMILIUS,,,
11186,LAT-303,Advanced Latin III,SU18,301,7/7/2018,9/15/2018,Sat,CN,,S. MARIUS,0,,
11187,LAT-480,Art,SU18,301,7/7/2018,9/15/2018,Sat,CN,,S. TATIUS,,,
11188,LAT-477,News of the Roman Empire,SU18,301,7/7/2018,9/15/2018,Sat,AC,,G. LUCIANUS,,,
11189,LAT-313,Conversation I,SU18,301,7/7/2018,9/15/2018,Sat,AC,,A. FESTUS,,,
11190,LAT-101,Beginner I,SU18,301,7/7/2018,9/15/2018,Sat,,,,,,
11191,LAT-401,Latin for Travelers,SU18,301,7/7/2018,9/15/2018,Sat,AC,,S. TATIUS,,,
11192,LAT-403,The Beauty of Latin,SU18,301,7/7/2018,7/28/2018,Sat,CN,,F. QUINTIUS,,,
11193,LAT-201,Intermediate Latin I,SU18,301,7/7/2018,9/15/2018,Sat,AC,,A. FESTUS,,,
11194,LAT-203,Conversation II,SU18,301,7/7/2018,9/15/2018,Sat,AC,,G. LUCIANUS,,,
11195,LAT-205,Intermediate Latin I - Morning,SU18,301,7/5/2018,9/13/2018,Thu,CN,,G. LUCIANUS,,,
11196,LAT-313,Conversation I,SU18,301,7/5/2018,9/13/2018,Thu,CN,,A. SECUNDINUS,,,
11197,LAT-105,Beginner II Morning,SU18,301,7/5/2018,9/13/2018,Thu,CN,,G. LUCIANUS,,,
11198,LAT-104,Beginner I Morning,SU18,301,7/5/2018,9/13/2018,Thu,CN,,A. SECUNDINUS,0,,
11199,LAT-207,Grammar Pills,SU18,301,7/5/2018,7/17/2018,Thu,CN,,C. RUFINUS,0,,
11200,LAT-101,Beginner I,SU18,301,7/11/2018,9/19/2018,Wed,AC,,S. MARIUS,,,
11201,LAT-201,Intermediate Latin I,SU18,301,7/11/2018,9/19/2018,Wed,CN,,B. DOMITIUS,0,,
11202,LAT-202,Intermediate Latin II,SU18,301,7/11/2018,9/19/2018,Wed,AC,,A. FESTUS,,,
11203,LAT-230,Writing Lab,SU18,301,7/11/2018,9/19/2018,Wed,CN,,G. LUCIANUS,0,,
11204,LAT-402,Latin Literature,SU18,301,7/11/2018,9/19/2018,Wed,CN,,A. SECUNDINUS,,,
11205,LAT-203,Conversation II,SU18,301,7/11/2018,9/19/2018,Wed,CN,,S. MARIUS,,,
11206,LAT-101,Beginner I,SU18,301,7/11/2018,9/19/2018,Wed,CN,,V. GALLUS,0,,
11207,LAT-202,Intermediate Latin II,SU18,301,7/11/2018,9/19/2018,Wed,CN,,B. DOMITIUS,,,
11208,LAT-201,Intermediate Latin I,SU18,301,7/11/2018,9/19/2018,Wed,AC,,A. FESTUS,,,
11209,LAT-102,Beginner II,SU18,301,7/11/2018,9/19/2018,Wed,CN,,G. LUCIANUS,,,
11210,LAT-307,Conversation III,SU18,301,7/11/2018,9/19/2018,Wed,AC,,A. SECUNDINUS,,,
11211,LAT-310,Advanced I Morning,SU18,301,7/11/2018,9/19/2018,Wed,CN,,G. LUCIANUS,,,
11212,LAT-105,Beginner II Morning,SU18,301,7/11/2018,9/19/2018,Wed,AC,,A. SECUNDINUS,,,
11213,LAT-311,Advanced II Morning,SU18,301,7/11/2018,9/19/2018,Wed,AC,,G. LUCIANUS,,,
11214,LAT-104,Beginner I Morning,SU18,301,7/11/2018,9/19/2018,Wed,AC,,A. SECUNDINUS,,,
11215,LAT-118,Popular Latin Phrases,SU18,301,7/3/2018,9/11/2018,Tue,CN,,S. MARIUS,0,,
11216,LAT-108,Beginner II FAST TRACK,SU18,301,7/17/2018,9/11/2018,Tue,AC,,S. LONGINUS,,,
11217,LAT-101,Beginner I,SU18,301,7/3/2018,9/11/2018,Tue,CN,,B. DOMITIUS,0,,
11218,LAT-404,Latin Book Club,SU18,301,7/3/2018,9/11/2018,Tue,AC,,G. LUCIANUS,,,
11219,LAT-202,Intermediate Latin II,SU18,301,7/3/2018,9/11/2018,Tue,CN,,A. SECUNDINUS,,,
11220,LAT-207,Grammar Pills,SU18,301,7/3/2018,7/17/2018,Tue,AC,,C. RUFINUS,,,
11221,LAT-101,Beginner I,SU18,301,7/2/2018,9/17/2018,Tue,CN,,S. MARIUS,,,
11222,LAT-208,Intermediate Latin II - FAST 1,SU18,301,7/17/2018,9/11/2018,Tue,CN,,S. LONGINUS,,,
11223,LAT-301,Advanced Latin I,SU18,301,7/3/2018,9/11/2018,Tue,AC,,O. LIVIUS,,,
11224,LAT-102,Beginner II,SU18,301,7/3/2018,9/11/2018,Tue,AC,,B. DOMITIUS,,,
11225,LAT-430,Roman History,SU18,301,7/3/2018,9/11/2018,Tue,AC,Rome,G. LUCIANUS,,,
11226,LAT-201,Intermediate Latin I,SU18,301,7/3/2018,9/11/2018,Tue,CN,,A. SECUNDINUS,,,
11227,LAT-207,Grammar Pills,SU18,301,7/3/2018,7/17/2018,Tue,AC,Antioch,C. RUFINUS,,,
11228,LAT-214,Latin Grammar,SU18,301,9/4/2018,9/18/2018,Tue,AC,Carthage,P. AURELIUS,,,
11229,LAT-205,Intermediate Latin I - Morning,SU18,301,7/3/2018,9/11/2018,Tue,CN,,G. LUCIANUS,,,
11230,LAT-105,Beginner II Morning,SU18,301,7/3/2018,9/11/2018,Tue,CN,,A. SECUNDINUS,,,
11231,LAT-203,Conversation II,SU18,301,7/3/2018,9/11/2018,Tue,AC,Rome,G. LUCIANUS,,,
11232,LAT-104,Beginner I Morning,SU18,301,7/3/2018,9/11/2018,Tue,AC,Alexandria,A. SECUNDINUS,,,
11233,LAT-120,Latin Pronunciation,SU18,301,7/3/2018,7/17/2018,Tue,AC,Antioch,C. RUFINUS,,,
11234,LAT-401,Latin for Travelers,SU18,301,7/2/2018,9/17/2018,Mon,AC,Antioch,S. TATIUS,,,
11235,LAT-101,Beginner I,SU18,301,7/2/2018,9/17/2018,Mon,CN,,S. MARIUS,0,,
11236,LAT-402,Latin Literature,SU18,301,7/2/2018,9/17/2018,Mon,AC,,L. MARIUS,,,
11237,LAT-102,Beginner II,SU18,301,7/2/2018,9/17/2018,Mon,CN,,A. FESTUS,0,,
11238,LAT-228,Grammar For You  For Int. I,SU18,301,7/2/2018,9/17/2018,Mon,CN,,G. LUCIANUS,,,
11239,LAT-201,Intermediate Latin I,SU18,301,7/2/2018,9/17/2018,Mon,CN,,A. SECUNDINUS,0,,
11240,LAT-464,Roman Theater,SU18,301,7/2/2018,9/17/2018,Mon,CN,,C. RUFINUS,0,,
11241,LAT-313,Conversation I,SU18,301,7/2/2018,9/17/2018,Mon,AC,Carthage,S. MARIUS,,,
11242,LAT-480,Art,SU18,301,7/2/2018,9/17/2018,Mon,AC,Antioch,S. TATIUS,,,
11243,LAT-302,Advanced Latin II,SU18,301,7/2/2018,9/17/2018,Mon,AC,Cannae,O. LIVIUS,,,
11244,LAT-402,Latin Literature,SU18,301,8/6/2018,9/17/2018,Mon,AC,,L. MARIUS,,,
11245,LAT-101,Beginner I,SU18,301,7/2/2018,9/17/2018,Mon,AC,,A. FESTUS,,,
11246,LAT-102,Beginner II,SU18,301,7/2/2018,9/17/2018,Mon,AC,Rome,G. LUCIANUS,1485,,
11247,LAT-202,Intermediate Latin II,SU18,301,7/2/2018,9/17/2018,Mon,AC,Alexandria,A. SECUNDINUS,,,
11248,LAT-207,Grammar Pills,SU18,301,7/2/2018,7/16/2018,Mon,CN,,C. RUFINUS,,,
11249,LAT-105,Beginner II Morning,SU18,301,7/2/2018,9/17/2018,Mon,AC,Carthage,G. LUCIANUS,,,
11250,LAT-310,Advanced I Morning,SU18,301,7/2/2018,9/17/2018,Mon,CN,,A. SECUNDINUS,,,
11251,LAT-104,Beginner I Morning,SU18,301,7/2/2018,9/17/2018,Mon,CN,,G. LUCIANUS,0,,
11252,LAT-205,Intermediate Latin I - Morning,SU18,301,7/2/2018,9/17/2018,Mon,CN,,A. SECUNDINUS,,,
11253,LAT-476,Latin Music,SU18,301,7/2/2018,7/16/2018,Mon,CN,,C. RUFINUS,0,,
11254,LAT-101,Beginner I,SU18,301,7/7/2018,9/15/2018,Sat,CN,,S. MARIUS,,,
11255,LAT-207,Grammar Pills,SU18,301,9/4/2018,9/18/2018,Tue,AC,,C. RUFINUS,,,
11256,LAT-406,Table Topics,FA18,302,10/6/2018,12/15/2018,Sat,AC,Cannae,D. ROMILIUS,,,
11257,LAT-480,Art,FA18,302,10/6/2018,12/15/2018,Sat,AC,Antioch,S. TATIUS,,,
11258,LAT-202,Intermediate Latin II,FA18,302,10/6/2018,12/15/2018,Sat,AC,Alexandria,A. FESTUS,,,
11259,LAT-101,Beginner I,FA18,302,10/6/2018,12/15/2018,Sat,AC,Rome,G. LUCIANUS,,,
11260,LAT-114,Kids Beginner,FA18,302,10/6/2018,12/15/2018,Sat,AC,Carthage,S. MARIUS,,,
11261,LAT-401,Latin for Travelers,FA18,302,10/6/2018,12/15/2018,Sat,CN,,S. TATIUS,,,
11262,LAT-203,Conversation II,FA18,302,10/6/2018,12/15/2018,Sat,AC,Rome,S. MARIUS,,,
11263,LAT-313,Conversation I,FA18,302,10/6/2018,12/15/2018,Sat,AC,Alexandria,A. FESTUS,,,
11264,LAT-101,Beginner I,FA18,302,10/6/2018,12/15/2018,Sat,AC,Antioch,G. LUCIANUS,,,
11265,LAT-459,Latin and the Catholic Church,FA18,302,10/4/2018,12/20/2018,Thu,CN,,G. LUCIANUS,,,
11266,LAT-101,Beginner I,FA18,302,10/4/2018,12/20/2018,Thu,AC,Rome,A. SECUNDINUS,,,
11267,LAT-307,Conversation III,FA18,302,10/4/2018,12/20/2018,Thu,CN,,G. LUCIANUS,,,
11268,LAT-224,In Other Words,FA18,302,10/4/2018,12/20/2018,Thu,AC,Rome,A. SECUNDINUS,,,
11269,LAT-313,Conversation I,FA18,302,10/4/2018,12/20/2018,Thu,AC,Rome,A. SECUNDINUS,,,
11270,LAT-404,Latin Book Club,FA18,302,10/4/2018,12/20/2018,Thu,CN,,S. MARIUS,,,
11271,LAT-104,Beginner I Morning,FA18,302,10/4/2018,12/20/2018,Thu,CN,,A. SECUNDINUS,,,
11272,LAT-203,Conversation II,FA18,302,10/3/2018,12/12/2018,Wed,CN,,A. SECUNDINUS,,,
11273,LAT-202,Intermediate Latin II,FA18,302,10/3/2018,12/12/2018,Wed,CN,,G. LUCIANUS,,,
11274,LAT-102,Beginner II,FA18,302,10/3/2018,12/12/2018,Wed,CN,,S. MARIUS,,,
11275,LAT-101,Beginner I,FA18,302,10/3/2018,12/12/2018,Wed,AC,Rome,B. DOMITIUS,,,
11276,LAT-435,Roman News,FA18,302,10/3/2018,12/12/2018,Wed,AC,Alexandria,S. MARIUS,,,
11277,LAT-307,Conversation III,FA18,302,10/3/2018,12/12/2018,Wed,AC,Cannae,A. SECUNDINUS,,,
11278,LAT-202,Intermediate Latin II,FA18,302,10/3/2018,12/12/2018,Wed,CN,,B. DOMITIUS,,,
11279,LAT-201,Intermediate Latin I,FA18,302,10/3/2018,12/12/2018,Wed,AC,Antioch,O. LIVIUS,,,
11280,LAT-102,Beginner II,FA18,302,10/3/2018,12/12/2018,Wed,CN,,,,V. GALLUS,
11281,LAT-101,Beginner I,FA18,302,10/3/2018,12/12/2018,Wed,AC,Rome,G. LUCIANUS,,,
11282,LAT-465,Latin Today,FA18,302,10/3/2018,12/20/2018,Wed,CN,,C. RUFINUS,,,
11283,LAT-207,Grammar Pills,FA18,302,,,,,,,,,
11284,LAT-312,Advanced III Morning,FA18,302,10/3/2018,12/12/2018,Wed,AC,Rome,A. SECUNDINUS,,,
11285,LAT-310,Advanced I Morning,FA18,302,10/3/2018,12/20/2018,Wed,CN,,C. RUFINUS,,,
11286,LAT-207,Grammar Pills,FA18,302,,,,,,,,,
11287,LAT-102,Beginner II,FA18,302,10/3/2018,12/12/2018,Wed,CN,,A. SECUNDINUS,,,
11288,LAT-445,Latin Culture and Conversation,FA18,302,10/2/2018,12/11/2018,Tue,CN,,G. LUCIANUS,,,
11289,LAT-207,Grammar Pills,FA18,302,11/6/2018,12/11/2018,Tue,AC,Alexandria,C. RUFINUS,,,
11290,LAT-207,Grammar Pills,FA18,302,10/2/2018,10/16/2018,Tue,AC,Alexandria,C. RUFINUS,,,
11291,LAT-202,Intermediate Latin II,FA18,302,10/2/2018,12/11/2018,Tue,CN,,S. MARIUS,,,
11292,LAT-201,Intermediate Latin I,FA18,302,10/2/2018,12/11/2018,Tue,AC,Antioch,S. LONGINUS,,,
11293,LAT-102,Beginner II,FA18,302,10/2/2018,12/11/2018,Tue,AC,Carthage,B. DOMITIUS,,,
11294,LAT-101,Beginner I,FA18,302,10/2/2018,12/12/2018,Tue,AC,Rome,A. SECUNDINUS,,,
11295,LAT-302,Advanced Latin II,FA18,302,10/2/2018,12/12/2018,Tue,AC,Antioch,O. LIVIUS,,,
11296,LAT-301,Advanced Latin I,FA18,302,10/2/2018,12/11/2018,Tue,CN,,S. LONGINUS,,,
11297,LAT-202,Intermediate Latin II,FA18,302,10/2/2018,12/11/2018,Tue,CN,,A. SECUNDINUS,,,
11298,LAT-430,Roman History,FA18,302,10/2/2018,12/11/2018,Tue,AC,Rome,G. LUCIANUS,,,
11299,LAT-102,Beginner II,FA18,302,10/2/2018,12/11/2018,Tue,CN,,S. MARIUS,,,
11300,LAT-101,Beginner I,FA18,302,10/2/2018,12/11/2018,Tue,AC,Alexandria,B. DOMITIUS,,,
11301,LAT-319,Conversation Club II - Morning,FA18,302,10/2/2018,12/11/2018,Tue,AC,Rome,P. AURELIUS,,,
11302,LAT-444,Latin Through Fashion,FA18,302,,,,,,,,,
11303,LAT-444,Latin Through Fashion,FA18,302,10/2/2018,12/11/2018,Tue,CN,,C. RUFINUS,,,
11304,LAT-104,Beginner I Morning,FA18,302,10/2/2018,12/11/2018,Tue,AC,Alexandria,A. SECUNDINUS,,,
11305,LAT-310,Advanced I Morning,FA18,302,10/2/2018,12/11/2018,Tue,AC,Rome,P. AURELIUS,,,
11306,LAT-105,Beginner II Morning,FA18,302,10/2/2018,12/11/2018,Tue,AC,Alexandria,A. SECUNDINUS,,,
11307,LAT-120,Latin Pronunciation,FA18,302,10/2/2018,12/11/2018,Tue,CN,,C. RUFINUS,,,
11308,LAT-120,Latin Pronunciation,FA18,302,,,,,,,,,
11309,LAT-402,Latin Literature,FA18,302,10/1/2018,12/10/2018,Mon,AC,Rome,L. MARIUS,,,
11310,LAT-313,Conversation I,FA18,302,10/1/2018,12/10/2018,Mon,AC,Alexandria,A. FESTUS,,,
11311,LAT-207,Grammar Pills,FA18,302,10/1/2018,10/15/2018,Mon,CN,,C. RUFINUS,,,
11312,LAT-401,Latin for Travelers,FA18,302,10/1/2018,12/10/2018,Mon,AC,Antioch,S. TATIUS,,,
11313,LAT-208,Intermediate Latin II - FAST 1,FA18,302,11/5/2018,12/10/2018,Mon,AC,Carthage,C. RUFINUS,,,
11314,LAT-201,Intermediate Latin I,FA18,302,10/1/2018,12/10/2018,Mon,CN,,A. SECUNDINUS,,,
11315,LAT-102,Beginner II,FA18,302,10/1/2018,12/10/2018,Mon,CN,,G. LUCIANUS,,,
11316,LAT-101,Beginner I,FA18,302,10/1/2018,12/10/2018,Mon,CN,,S. MARIUS,,,
11317,LAT-402,Latin Literature,FA18,302,10/1/2018,12/10/2018,Mon,AC,Cannae,L. MARIUS,,,
11318,LAT-480,Art,FA18,302,10/1/2018,12/10/2018,Mon,CN,,S. TATIUS,,,
11319,LAT-301,Advanced Latin I,FA18,302,10/1/2018,12/10/2018,Mon,CN,,A. SECUNDINUS,,,
11320,LAT-101,Beginner I,FA18,302,10/1/2018,12/10/2018,Mon,CN,,S. MARIUS,,,
11321,LAT-102,Beginner II,FA18,302,10/1/2018,12/10/2018,Mon,AC,Alexandria,A. FESTUS,,,
11322,LAT-201,Intermediate Latin I,FA18,302,10/1/2018,12/10/2018,Mon,AC,Rome,G. LUCIANUS,,,
11323,LAT-316,Conversation I Morning,FA18,302,10/1/2018,12/10/2018,Mon,CN,,C. RUFINUS,,,
11324,LAT-207,Grammar Pills,FA18,302,,,,,,,,,
11325,LAT-310,Advanced I Morning,FA18,302,10/1/2018,12/10/2018,Mon,CN,,A. SECUNDINUS,,,
11326,LAT-476,Latin Music,FA18,302,10/1/2018,12/10/2018,Mon,CN,,C. RUFINUS,,,
11327,LAT-226,Latin Slang,FA18,302,,,,,,,,,
11328,LAT-205,Intermediate Latin I - Morning,FA18,302,10/1/2018,12/10/2018,Mon,CN,,A. SECUNDINUS,,,
11330,LAT-315,Conversing wih Fables & Fairy Tales,WI19,303,1/26/2019,3/23/2019,Sat,AC,Cannae,D. ROMILIUS,810,,
11331,LAT-480,Art,WI19,303,1/12/2019,3/23/2019,Sat,AC,Antioch,S. TATIUS,1485,,
11332,LAT-213,Kids Intermediate,WI19,303,1/12/2019,3/23/2019,Sat,AC,Pompeii,P. MAXIMINUS,1485,,
11333,LAT-114,Kids Beginner,WI19,303,1/12/2019,3/23/2019,Sat,AC,Alexandria,S. MARIUS,1485,,
11334,LAT-105,Beginner II Morning,WI19,303,1/12/2019,3/23/2019,Sat,AC,Rome,G. LUCIANUS,1485,,
11335,LAT-401,Latin for Travelers,WI19,303,1/12/2019,3/23/2019,Sat,AC,Antioch,S. TATIUS,1440,,
11336,LAT-114,Kids Beginner,WI19,303,1/12/2019,3/23/2019,Sat,CN,,P. MAXIMINUS,1485,,
11337,LAT-105,Beginner II Morning,WI19,303,1/12/2019,3/23/2019,Sat,CN,,S. MARIUS,1485,,
11338,LAT-104,Beginner I Morning,WI19,303,1/12/2019,3/23/2019,Sat,AC,Rome,G. LUCIANUS,1485,,
11339,LAT-120,Latin Pronunciation,WI19,303,1/10/2019,3/21/2019,Thu,CN,,C. RUFINUS,405,,
11340,LAT-402,Latin Literature,WI19,303,1/31/2019,3/21/2019,Thu,AC,Rome,L. MARIUS,1080,,
11341,LAT-301,Advanced Latin I,WI19,303,1/10/2019,3/21/2019,Thu,CN,,G. LUCIANUS,1485,,
11342,LAT-102,Beginner II,WI19,303,1/10/2019,3/21/2019,Thu,CN,,A. SECUNDINUS,1485,,
11343,LAT-402,Latin Literature,WI19,303,1/31/2019,3/21/2019,Thu,AC,Rome,L. MARIUS,1080,,
11344,LAT-224,In Other Words,WI19,303,1/10/2019,3/21/2019,Thu,CN,,A. SECUNDINUS,1485,,
11345,LAT-404,Latin Book Club,WI19,303,1/10/2019,3/21/2019,Thu,AC,Antioch,G. LUCIANUS,1485,,
11346,LAT-404,Latin Book Club,WI19,303,1/10/2019,3/21/2019,Thu,CN,,S. MARIUS,1485,,
11347,LAT-316,Conversation I Morning,WI19,303,1/10/2019,3/21/2019,Thu,AC,Rome,A. SECUNDINUS,1485,,
11348,LAT-104,Beginner I Morning,WI19,303,1/10/2019,3/21/2019,Thu,CN,,A. SECUNDINUS,1485,,
11349,LAT-203,Conversation II,WI19,303,1/9/2019,3/20/2019,Wed,CN,,A. SECUNDINUS,1125,,
11350,LAT-301,Advanced Latin I,WI19,303,1/9/2019,3/20/2019,Wed,CN,,G. LUCIANUS,1485,,
11351,LAT-201,Intermediate Latin I,WI19,303,1/9/2019,3/20/2019,Wed,CN,,S. TATIUS,1485,,
11352,LAT-102,Beginner II,WI19,303,1/9/2019,3/20/2019,Wed,CN,,B. DOMITIUS,1485,,
11353,LAT-101,Beginner I,WI19,303,1/9/2019,3/20/2019,Wed,CN,,S. MARIUS,1485,,
11354,LAT-435,Roman News,WI19,303,1/9/2019,3/20/2019,Wed,CN,,S. MARIUS,1485,,
11355,LAT-307,Conversation III,WI19,303,1/9/2019,3/20/2019,Wed,AC,Antioch,A. SECUNDINUS,1485,,
11356,LAT-458,Exploring Ancient Rome Through Wine and Regional Food,WI19,303,1/9/2019,3/20/2019,Wed,AC,Rome,B. DOMITIUS,1980,,
11357,LAT-202,Intermediate Latin II,WI19,303,1/9/2019,3/20/2019,Wed,AC,Cannae,O. LIVIUS,1485,,
11358,LAT-201,Intermediate Latin I,WI19,303,1/9/2019,3/20/2019,Wed,CN,,S. TATIUS,1485,,
11359,LAT-102,Beginner II,WI19,303,1/9/2019,3/20/2019,Wed,CN,,G. LUCIANUS,1485,,
11360,LAT-101,Beginner I,WI19,303,1/9/2019,3/20/2019,Wed,CN,,V. GALLUS,1485,,
11361,LAT-206,Intermediate II - Morning,WI19,303,1/9/2018,3/20/2019,Wed,AC,Alexandria,P. AURELIUS,1485,,
11363,LAT-105,Beginner II Morning,WI19,303,1/9/2019,3/20/2019,Wed,CN,,A. SECUNDINUS,1485,,
11364,LAT-104,Beginner I Morning,WI19,303,1/9/2019,3/20/2019,Wed,CN,,C. RUFINUS,1485,,
11365,LAT-205,Intermediate Latin I - Morning,WI19,303,1/9/2019,3/20/2019,Wed,AC,Alexandria,P. AURELIUS,1485,,
11366,LAT-317,Conversation II - Morning,WI19,303,1/9/2019,3/20/2019,Wed,AC,Rome,A. SECUNDINUS,1035,,
11367,LAT-120,Latin Pronunciation,WI19,303,1/9/2019,3/20/2019,Wed,CN,,C. RUFINUS,405,,
11368,LAT-404,Latin Book Club,WI19,303,1/22/2019,3/19/2019,Tue,CN,,M. VALENTINIANUS,1485,,
11369,LAT-407,Street Latin,WI19,303,1/8/2019,3/19/2019,Tue,AC,Rome,C. RUFINUS,1485,,
11370,LAT-408,Kaleidoscope,WI19,303,1/8/2019,3/19/2019,Tue,CN,,G. LUCIANUS,1485,,
11371,LAT-302,Advanced Latin II,WI19,303,1/8/2019,3/19/2019,Tue,CN,,S. MARIUS,1485,,
11372,LAT-202,Intermediate Latin II,WI19,303,1/8/2019,3/19/2019,Tue,AC,Carthage,S. LONGINUS,1485,,
11373,LAT-201,Intermediate Latin I,WI19,303,1/8/2019,3/19/2019,Tue,CN,,B. DOMITIUS,1485,,
11374,LAT-102,Beginner II,WI19,303,1/8/2019,3/19/2019,Tue,AC,Alexandria,A. SECUNDINUS,1485,,
11375,LAT-405,Roman Theater,WI19,303,1/22/2019,3/19/2019,Tue,AC,Cannae,M. VALENTINIANUS,1350,,
11376,LAT-430,Roman History,WI19,303,1/8/2019,3/19/2019,Tue,AC,Alexandria,G. LUCIANUS,1080,,
11377,LAT-303,Advanced Latin III,WI19,303,1/8/2019,3/19/2019,Tue,AC,Pompeii,O. LIVIUS,1485,,
11378,LAT-202,Intermediate Latin II,WI19,303,1/8/2019,3/19/2019,Tue,CN,,A. SECUNDINUS,1485,,
11379,LAT-201,Intermediate Latin I,WI19,303,1/8/2019,3/19/2019,Tue,CN,,S. MARIUS,1485,,
11380,LAT-102,Beginner II,WI19,303,1/8/2019,3/19/2019,Tue,AC,Rome,B. DOMITIUS,,,
11381,LAT-101,Beginner I,WI19,303,1/8/2019,3/19/2019,Tue,CN,,S. LONGINUS,,,
11382,LAT-203,Conversation II,WI19,303,1/8/2019,3/19/2019,Tue,AC,Rome,P. AURELIUS,,,
11383,LAT-207,Grammar Pills,WI19,303,1/8/2019,3/19/2019,Tue,AC,Antioch,C. RUFINUS,,,
11384,LAT-105,Beginner II Morning,WI19,303,1/8/2019,3/19/2019,Tue,AC,Alexandria,A. SECUNDINUS,1485,,
11385,LAT-203,Conversation II,WI19,303,1/8/2019,3/19/2019,Tue,AC,Rome,P. AURELIUS,,,
11386,LAT-310,Advanced I Morning,WI19,303,1/8/2019,3/19/2019,Tue,AC,Antioch,C. RUFINUS,,,
11387,LAT-205,Intermediate Latin I - Morning,WI19,303,1/8/2019,3/19/2019,Tue,AC,Alexandria,A. SECUNDINUS,,,
11388,LAT-401,Latin for Travelers,WI19,303,1/7/2019,3/18/2019,Mon,AC,Pompeii,S. TATIUS,,,
11389,LAT-207,Grammar Pills,WI19,303,1/7/2019,3/18/2019,Mon,AC,Antioch,C. RUFINUS,,,
11390,LAT-302,Advanced Latin II,WI19,303,1/7/2019,3/18/2019,Mon,CN,,S. MARIUS,,,
11391,LAT-201,Intermediate Latin I,WI19,303,1/7/2019,3/18/2019,Mon,CN,,G. LUCIANUS,,,
11392,LAT-102,Beginner II,WI19,303,1/7/2019,3/18/2019,Mon,AC,Cannae,A. SECUNDINUS,,,
11393,LAT-101,Beginner I,WI19,303,1/7/2019,3/18/2019,Mon,AC,Rome,A. FESTUS,,,
11394,LAT-479,Roman Art,WI19,303,1/7/2019,3/18/2019,Mon,CN,Carthage,S. TATIUS,,,
11395,LAT-102,Beginner II,WI19,303,1/7/2019,3/18/2019,Mon,AC,Rome,A. SECUNDINUS,,,
11396,LAT-202,Intermediate Latin II,WI19,303,1/7/2019,3/18/2019,Mon,AC,Antioch,G. LUCIANUS,,,
11397,LAT-201,Intermediate Latin I,WI19,303,1/7/2019,3/18/2019,Mon,AC,Alexandria,A. FESTUS,,,
11398,LAT-101,Beginner I,WI19,303,1/7/2019,3/18/2019,Mon,AC,Rome,S. MARIUS,,,
11399,LAT-301,Advanced Latin I,WI19,303,1/7/2019,3/18/2019,Mon,CN,,C. RUFINUS,,,
11400,LAT-205,Intermediate Latin I - Morning,WI19,303,1/7/2019,3/18/2019,Mon,AC,Alexandria,A. SECUNDINUS,,,
11401,LAT-104,Beginner I Morning,WI19,303,1/7/2019,3/8/2019,Mon,AC,Rome,C. RUFINUS,,,
11402,LAT-104,Beginner I Morning,WI19,303,1/7/2019,3/8/2019,Mon,AC,Alexandria,A. SECUNDINUS,,,
11403,LAT-406,Table Topics,SP19,304,4/6/2019,5/25/2019,Sat,AC,Cannae,D. ROMILIUS,,,
11404,LAT-203,Conversation II,SP19,304,4/6/2019,6/15/2019,Sat,AC,Antioch,S. TATIUS,,,
11405,LAT-213,Kids Intermediate,SP19,304,4/6/2019,6/15/2019,Sat,AC,Alexandria,S. MARIUS,,,
11406,LAT-201,Intermediate Latin I,SP19,304,4/6/2019,6/15/2019,Sat,AC,Rome,G. LUCIANUS,,,
11407,LAT-102,Beginner II,SP19,304,4/6/2019,6/15/2019,Sat,,,,,,
11408,LAT-401,Latin for Travelers,SP19,304,4/6/2019,6/15/2019,Sat,CN,,S. TATIUS,,,
11409,LAT-114,Kids Beginner,SP19,304,4/6/2019,6/15/2019,Sat,,,,,,
11410,LAT-102,Beginner II,SP19,304,4/6/2019,6/15/2019,Sat,AC,Rome,G. LUCIANUS,,,
11411,LAT-101,Beginner I,SP19,304,4/6/2019,6/15/2019,Sat,AC,Alexandria,S. MARIUS,,,
11412,LAT-411,Roman Games,SP19,304,4/4/2019,6/13/2019,Thu,CN,,C. RUFINUS,,,
11413,LAT-402,Latin Literature,SP19,304,4/4/2019,6/13/2019,Thu,AC,Cannae,L. MARIUS,,,
11414,LAT-201,Intermediate Latin I,SP19,304,4/4/2019,6/13/2019,Thu,AC,Rome,B. DOMITIUS,,,
11415,LAT-203,Conversation II,SP19,304,4/4/2019,6/13/2019,Thu,CN,,G. LUCIANUS,,,
11416,LAT-404,Latin Book Club,SP19,304,4/4/2019,6/4/2019,Thu,AC,Alexandria,G. LUCIANUS,,,
11417,LAT-458,Exploring Ancient Rome Through Wine and Regional Food,SP19,304,4/4/2019,6/13/2019,Thu,AC,Rome,B. DOMITIUS,,,
11418,LAT-402,Latin Literature,SP19,304,4/4/2019,6/13/2019,Thu,AC,Cannae,L. MARIUS,,,
11419,LAT-313,Conversation I,SP19,304,4/4/2019,6/13/2019,Thu,AC,Rome,A. SECUNDINUS,,,
11420,LAT-404,Latin Book Club,SP19,304,4/4/2019,6/13/2019,Thu,CN,,S. MARIUS,,,
11421,LAT-201,Intermediate Latin I,SP19,304,4/3/2019,6/12/2019,Wed,CN,,G. LUCIANUS,,,
11422,LAT-202,Intermediate Latin II,SP19,304,4/3/2019,6/12/2019,Wed,AC,Rome,S. MARIUS,,,
11423,LAT-410,How Roman Cities Worked,SP19,304,4/3/2019,6/12/2019,Wed,CN,,G. LUCIANUS,,,
11424,LAT-307,Conversation III,SP19,304,4/3/2019,6/12/2019,Wed,AC,Antioch,A. SECUNDINUS,,,
11425,LAT-301,Advanced Latin I,SP19,304,4/3/2019,6/12/2019,Wed,AC,Cannae,O. LIVIUS,,,
11426,LAT-101,Beginner I,SP19,304,4/3/2019,6/12/2019,Wed,AC,Rome,S. MARIUS,,,
11427,LAT-317,Conversation II - Morning,SP19,304,4/3/2019,6/12/2019,Wed,AC,Rome,A. SECUNDINUS,,,
11428,LAT-443,Veni Vidi Vici,SP19,304,4/2/2019,6/11/2019,Tue,AC,Alexandria,C. RUFINUS,,,
11429,LAT-412,Roman Gods,SP19,304,4/2/2019,6/11/2019,Tue,CN,,G. LUCIANUS,,,
11430,LAT-313,Conversation I,SP19,304,4/2/2019,6/11/2019,Tue,CN,,B. DOMITIUS,,,
11431,LAT-101,Beginner I,SP19,304,4/2/2019,6/11/2019,Tue,AC,Rome,S. MARIUS,,,
11432,LAT-409,Roman Sports,SP19,304,4/2/2019,6/11/2019,Tue,CN,,V. GALLUS,,,
11433,LAT-430,Roman History,SP19,304,4/2/2019,6/11/2019,Tue,AC,Cannae,G. LUCIANUS,,,
11434,LAT-207,Grammar Pills,SP19,304,4/2/2019,6/11/2019,Tue,AC,Alexandria,C. RUFINUS,,,
11435,LAT-201,Intermediate Latin I,SP19,304,4/2/2019,6/11/2019,Tue,AC,Antioch,B. DOMITIUS,,,
11436,LAT-102,Beginner II,SP19,304,4/2/2019,6/11/2019,Tue,AC,Pompeii,S. MARIUS,,,
11437,LAT-101,Beginner I,SP19,304,4/2/2019,6/11/2019,Tue,AC,Carthage,O. LIVIUS,,,
11438,LAT-310,Advanced I Morning,SP19,304,4/2/2019,6/11/2019,Tue,AC,Rome,P. AURELIUS,,,
11439,LAT-477,News of the Roman Empire,SP19,304,4/2/2019,6/11/2019,Tue,CN,,C. RUFINUS,,,
11440,LAT-317,Conversation II - Morning,SP19,304,4/2/2019,6/11/2019,Tue,AC,Rome,P. AURELIUS,,,
11441,LAT-316,Conversation I Morning,SP19,304,4/2/2019,6/11/2019,Tue,AC,Antioch,C. RUFINUS,,,
11442,LAT-206,Intermediate II - Morning,SP19,304,4/2/2019,6/11/2019,Tue,AC,Alexandria,A. SECUNDINUS,,,
11443,LAT-207,Grammar Pills,SP19,304,4/1/2019,6/17/2019,Mon,AC,Rome,C. RUFINUS,,,
11444,LAT-203,Conversation II,SP19,304,4/1/2019,6/17/2019,Mon,CN,,G. LUCIANUS,,,
11445,LAT-201,Intermediate Latin I,SP19,304,4/1/2019,6/17/2019,Mon,CN,,S. MARIUS,,,
11446,LAT-102,Beginner II,SP19,304,4/1/2019,6/17/2019,Mon,AC,Antioch,A. FESTUS,,,
11447,LAT-101,Beginner I,SP19,304,4/1/2019,6/17/2019,Mon,AC,Pompeii,S. TATIUS,,,
11448,LAT-401,Latin for Travelers,SP19,304,4/1/2019,6/17/2019,Mon,AC,Rome,S. TATIUS,,,
11449,LAT-301,Advanced Latin I,SP19,304,4/1/2019,6/17/2019,Mon,AC,Cannae,G. LUCIANUS,,,
11450,LAT-202,Intermediate Latin II,SP19,304,4/1/2019,6/17/2019,Mon,AC,Antioch,A. FESTUS,,,
11451,LAT-101,Beginner I,SP19,304,4/1/2019,6/17/2019,Mon,AC,Alexandria,S. MARIUS,,,
11452,LAT-105,Beginner II Morning,SP19,304,4/1/2019,6/17/2019,Mon,AC,Rome,C. RUFINUS,,,
11453,LAT-311,Advanced II Morning,SP19,304,4/2/2019,6/11/2019,Tue,AC,Rome,C. RUFINUS,,,
11454,LAT-401,Latin for Travelers,SP19,304,4/8/2019,5/23/2019,Thu,AC,Ephesus,F. QUINTIUS,,,
11455,LAT-458,Exploring Ancient Rome Through Wine and Regional Food,SP19,304,4/3/2019,6/12/2019,Wed,AC,Ephesus,B. DOMITIUS,,,
11456,LAT-201,Intermediate Latin I,SP19,304,4/3/2019,6/12/2019,Wed,AC,Ephesus,B. DOMITIUS,,,
11457,LAT-102,Beginner II,SP19,304,4/1/2019,6/17/2019,Mon,CN,Ephesus,B. DOMITIUS,,,
11458,LAT-101,Beginner I,SP19,304,4/1/2019,6/17/2019,Mon,AC,Ephesus,B. DOMITIUS,,,
11459,LAT-403,The Beauty of Latin,SP19,304,4/1/2019,5/20/2019,Mon,AC,Ephesus,F. QUINTIUS,,,
11461,LAT-226,Latin Slang,SU19,305,,,,,,,,,
11462,LAT-467,Roman Regional Wines,SU19,305,7/1/2019,9/19/2019,Mon,,,,,,
11463,LAT-203,Conversation II,SU19,305,8/8/2019,9/12/2019,Thu,,Ephesus,B. DOMITIUS,,,
11464,LAT-201,Intermediate Latin I,SU19,305,8/8/2019,9/12/2019,Thu,,Ephesus,B. DOMITIUS,,,
11465,LAT-307,Conversation III,SU19,305,8/7/2019,9/11/2019,Wed,,Ephesus,B. DOMITIUS,,,
11466,LAT-202,Intermediate Latin II,SU19,305,8/7/2019,9/11/2019,Wed,,Ephesus,B. DOMITIUS,,,
11467,LAT-313,Conversation I,SU19,305,8/6/2019,9/10/2019,Tue,,Ephesus,B. DOMITIUS,,,
11468,LAT-101,Beginner I,SU19,305,8/6/2019,9/10/2019,Tue,AC,Ephesus,B. DOMITIUS,,,
11469,LAT-203,Conversation II,SU19,305,8/5/2019,9/16/2019,Mon,,Ephesus,B. DOMITIUS,,,
11470,LAT-102,Beginner II,SU19,305,8/5/2019,9/16/2019,Mon,AC,Ephesus,B. DOMITIUS,,,
11471,LAT-443,Veni Vidi Vici,SU19,305,8/24/2019,9/14/2019,Sat,,Cannae,D. ROMILIUS,,,
11472,LAT-435,Roman News,SU19,305,7/6/2019,9/14/2019,Sat,CN,,S. MARIUS,,,
11473,LAT-202,Intermediate Latin II,SU19,305,7/6/2019,9/14/2019,Sat,AC,Alexandria,G. LUCIANUS,,,
11474,LAT-401,Latin for Travelers,SU19,305,7/6/2019,9/14/2019,Sat,AC,Rome,S. TATIUS,,,
11475,LAT-203,Conversation II,SU19,305,7/6/2019,9/14/2019,Sat,CN,Cannae,S. TATIUS,,,
11476,LAT-201,Intermediate Latin I,SU19,305,7/6/2019,9/14/2019,Sat,AC,Alexandria,G. LUCIANUS,,,
11477,LAT-102,Beginner II,SU19,305,7/6/2019,9/14/2019,Sat,AC,Rome,S. MARIUS,,,
11478,LAT-448,Latin Today 1,SU19,305,7/11/2019,9/19/2019,Thu,CN,,G. LUCIANUS,,,
11479,LAT-226,Latin Slang,SU19,305,8/29/2019,9/19/2019,Thu,AC,Rome,C. RUFINUS,,,
11480,LAT-314,Difficult Latin,SU19,305,8/29/2019,9/19/2019,Thu,AC,Rome,C. RUFINUS,,,
11481,LAT-404,Latin Book Club,SU19,305,7/11/2019,9/19/2019,Thu,AC,Cannae,G. LUCIANUS,,,
11482,LAT-207,Grammar Pills,SU19,305,8/29/2019,9/19/2019,Thu,AC,Rome,C. RUFINUS,,,
11483,LAT-203,Conversation II,SU19,305,7/11/2019,9/19/2019,Thu,AC,Cannae,A. SECUNDINUS,,,
11484,LAT-313,Conversation I,SU19,305,7/11/2019,9/19/2019,Thu,CN,,G. LUCIANUS,,,
11485,LAT-201,Intermediate Latin I,SU19,305,7/11/2019,9/19/2019,Thu,CN,,G. LUCIANUS,,,
11486,LAT-404,Latin Book Club,SU19,305,7/3/2019,9/11/2019,Wed,CN,,S. MARIUS,,,
11487,LAT-307,Conversation III,SU19,305,7/3/2019,9/11/2019,Wed,CN,,G. LUCIANUS,,,
11488,LAT-403,The Beauty of Latin,SU19,305,7/3/2019,9/11/2019,Wed,AC,Pompeii,G. LUCIANUS,,,
11489,LAT-302,Advanced Latin II,SU19,305,7/3/2019,9/11/2019,Wed,AC,Cannae,O. LIVIUS,,,
11490,LAT-102,Beginner II,SU19,305,7/3/2019,9/11/2019,Wed,AC,Alexandria,S. MARIUS,,,
11491,LAT-101,Beginner I,SU19,305,7/3/2019,9/11/2019,Wed,AC,Rome,A. SECUNDINUS,,,
11492,LAT-223,Grammar Legends,SU19,305,7/3/2019,9/11/2019,Wed,CN,,G. LUCIANUS,,,
11493,LAT-313,Conversation I,SU19,305,7/3/2019,8/21/2019,Wed,CN,,A. FESTUS,,,
11494,LAT-307,Conversation III,SU19,305,7/3/2019,9/11/2019,Wed,AC,Cannae,A. SECUNDINUS,,,
11495,LAT-105,Beginner II Morning,SU19,305,7/3/2019,9/11/2019,Wed,AC,Rome,G. LUCIANUS,,,
11496,LAT-104,Beginner I Morning,SU19,305,7/3/2019,9/11/2019,Wed,CN,,A. FESTUS,,,
11497,LAT-314,Difficult Latin,SU19,305,7/2/2019,9/10/2019,Tue,AC,Rome,G. LUCIANUS,,,
11498,LAT-102,Beginner II,SU19,305,7/9/2019,9/17/2019,Tue,CN,,S. MARIUS,,,
11499,LAT-430,Roman History,SU19,305,7/2/2019,9/10/2019,Tue,AC,Cannae,G. LUCIANUS,,,
11500,LAT-201,Intermediate Latin I,SU19,305,7/9/2019,9/17/2019,Tue,CN,,S. MARIUS,,,
11501,LAT-102,Beginner II,SU19,305,7/2/2019,9/10/2019,Tue,AC,Rome,O. LIVIUS,,,
11502,LAT-205,Intermediate Latin I - Morning,SU19,305,7/2/2019,9/10/2019,Tue,CN,,G. LUCIANUS,,,
11503,LAT-203,Conversation II,SU19,305,7/2/2019,9/10/2019,Tue,AC,Rome,G. LUCIANUS,,,
11504,LAT-301,Advanced Latin I,SU19,305,7/2/2019,9/10/2019,Tue,CN,Cannae,A. SECUNDINUS,,,
11505,LAT-202,Intermediate Latin II,SU19,305,7/8/2019,9/23/2019,Mon,AC,Cannae,S. MARIUS,,,
11506,LAT-201,Intermediate Latin I,SU19,305,7/1/2019,9/16/2019,Mon,AC,Alexandria,A. FESTUS,,,
11507,LAT-102,Beginner II,SU19,305,7/1/2019,9/16/2019,Mon,CN,,S. TATIUS,,,
11508,LAT-101,Beginner I,SU19,305,7/1/2019,9/16/2019,Mon,AC,Rome,G. LUCIANUS,,,
11509,LAT-302,Advanced Latin II,SU19,305,7/1/2019,9/16/2019,Mon,AC,Cannae,G. LUCIANUS,,,
11510,LAT-301,Advanced Latin I,SU19,305,7/1/2019,9/16/2019,Mon,AC,Alexandria,A. FESTUS,,,
11511,LAT-102,Beginner II,SU19,305,7/8/2019,9/23/2019,Mon,CN,,S. MARIUS,,,
11512,LAT-401,Latin for Travelers,SU19,305,7/1/2019,9/16/2019,Mon,AC,Rome,S. TATIUS,,,
11513,LAT-105,Beginner II Morning,SU19,305,7/1/2019,9/16/2019,Mon,CN,,G. LUCIANUS,,,
11514,LAT-104,Beginner I Morning,SU19,305,7/1/2019,9/16/2019,Mon,AC,Rome,G. LUCIANUS,,,
